Class;Organism;Km value
5.1.1.12;Acetoanaerobium sticklandii;0.52
5.1.1.12;Acetoanaerobium sticklandii;0.77
5.1.1.4;Acetoanaerobium sticklandii;5.7
5.4.3.5;Acetoanaerobium sticklandii;0.03
5.4.3.5;Acetoanaerobium sticklandii;0.043
5.4.3.5;Acetoanaerobium sticklandii;0.061
5.4.3.5;Acetoanaerobium sticklandii;0.19
5.4.99.18;Acetobacter aceti;0.0007
5.4.99.18;Acetobacter aceti;0.0014
5.4.99.18;Acetobacter aceti;0.006
5.4.99.18;Acetobacter aceti;0.008
5.4.99.18;Acetobacter aceti;0.009
5.4.99.18;Acetobacter aceti;0.03
5.4.99.18;Acetobacter aceti;0.2
5.1.1.15;Achromobacter obae;6
5.1.1.15;Achromobacter obae;8
5.1.1.1;Acidiphilium organovorum;3.8
5.1.1.1;Acidiphilium organovorum;7.9
5.4.99.5;Acinetobacter calcoaceticus;0.55
5.1.1.17;Actinomyces sp.;0.3
5.1.1.17;Actinomyces sp.;0.78
5.3.1.5;Actinoplanes missouriensis;244
5.3.1.5;Actinoplanes missouriensis;438
5.3.1.5;Actinoplanes missouriensis;713
5.3.1.5;Actinoplanes missouriensis;1312
5.3.3.2;Aedes aegypti;0.2768
5.4.2.3;Aedes aegypti;0.046
5.4.2.3;Aedes aegypti;0.54
5.3.1.14;Aeribacillus pallidus;4.89
5.3.1.14;Aeribacillus pallidus;16.1
5.3.1.14;Aeribacillus pallidus;28.9
5.3.1.14;Aeribacillus pallidus;34.9
5.3.1.14;Aeribacillus pallidus;41.8
5.1.1.10;Aeromonas caviae;0.9
5.1.1.10;Aeromonas caviae;1
5.1.3.2;Aeromonas hydrophila;0.5
5.3.1.8;Aeropyrum pernix;0.21
5.3.1.8;Aeropyrum pernix;0.44
5.3.1.8;Aeropyrum pernix;1.1
5.3.1.8;Aeropyrum pernix;3.5
5.3.1.9;Aeropyrum pernix;0.21
5.3.1.9;Aeropyrum pernix;0.44
5.3.1.9;Aeropyrum pernix;1.1
5.3.1.9;Aeropyrum pernix;3.5
5.1.3.B12;Agrobacterium tumefaciens;1
5.1.3.B12;Agrobacterium tumefaciens;2
5.3.1.7;Agrobacterium tumefaciens;20
5.5.1.2;Agrobacterium tumefaciens;0.32
5.5.1.2;Agrobacterium tumefaciens;11.3
5.2.1.1;Alcaligenes faecalis;0.04
5.3.1.4;Alicyclobacillus acidocaldarius;46.2
5.3.1.4;Alicyclobacillus acidocaldarius;47.5
5.3.1.4;Alicyclobacillus acidocaldarius;48
5.3.1.4;Alicyclobacillus acidocaldarius;52.5
5.3.1.4;Alicyclobacillus acidocaldarius;53.8
5.3.1.4;Alicyclobacillus acidocaldarius;57.9
5.3.1.4;Alicyclobacillus acidocaldarius;129
5.4.99.17;Alicyclobacillus acidocaldarius;0.003
5.4.2.8;Amorphophallus konjac;0.2
5.1.1.17;Amycolatopsis lactamdurans;0.27
5.3.1.4;Anoxybacillus flavithermus;25.19
5.3.1.4;Anoxybacillus flavithermus;26.81
5.3.1.4;Anoxybacillus flavithermus;78.5
5.3.1.9;Apis mellifera;2
5.1.1.10;Aplysia californica;8
5.1.1.10;Aplysia californica;15
5.1.1.10;Aplysia californica;16
5.1.1.10;Aplysia californica;94
5.1.1.1;Aquifex pyrophilus;1.8
5.4.99.64;Aquincola tertiaricarbonis;0.0075
5.4.99.64;Aquincola tertiaricarbonis;0.008
5.4.99.64;Aquincola tertiaricarbonis;0.0146
5.4.99.64;Aquincola tertiaricarbonis;0.015
5.4.99.64;Aquincola tertiaricarbonis;0.042
5.4.99.64;Aquincola tertiaricarbonis;0.0435
5.4.99.64;Aquincola tertiaricarbonis;0.061
5.4.99.64;Aquincola tertiaricarbonis;0.0614
5.4.99.64;Aquincola tertiaricarbonis;0.067
5.4.99.64;Aquincola tertiaricarbonis;0.104
5.4.99.64;Aquincola tertiaricarbonis;0.117
5.4.99.64;Aquincola tertiaricarbonis;0.128
5.4.99.64;Aquincola tertiaricarbonis;0.147
5.4.99.64;Aquincola tertiaricarbonis;0.235
5.4.99.64;Aquincola tertiaricarbonis;0.288
5.4.99.64;Aquincola tertiaricarbonis;0.298
5.4.99.64;Aquincola tertiaricarbonis;0.304
5.4.99.64;Aquincola tertiaricarbonis;0.329
5.4.99.64;Aquincola tertiaricarbonis;0.374
5.4.99.64;Aquincola tertiaricarbonis;0.433
5.4.99.64;Aquincola tertiaricarbonis;0.517
5.4.99.64;Aquincola tertiaricarbonis;0.55
5.4.99.64;Aquincola tertiaricarbonis;0.663
5.4.99.64;Aquincola tertiaricarbonis;0.977
5.4.99.64;Aquincola tertiaricarbonis;1.66
5.4.99.64;Aquincola tertiaricarbonis;1.76
5.4.99.64;Aquincola tertiaricarbonis;1.84
5.4.99.64;Aquincola tertiaricarbonis;3.34
5.1.3.2;Arabidopsis thaliana;0.057
5.1.3.2;Arabidopsis thaliana;0.068
5.1.3.2;Arabidopsis thaliana;0.087
5.1.3.2;Arabidopsis thaliana;0.095
5.1.3.2;Arabidopsis thaliana;0.15
5.1.3.5;Arabidopsis thaliana;0.16
5.1.3.5;Arabidopsis thaliana;0.32
5.1.3.5;Arabidopsis thaliana;0.34
5.1.3.5;Arabidopsis thaliana;0.42
5.1.3.5;Arabidopsis thaliana;0.43
5.1.3.6;Arabidopsis thaliana;0.19
5.1.3.6;Arabidopsis thaliana;0.23
5.1.3.6;Arabidopsis thaliana;0.358
5.1.3.6;Arabidopsis thaliana;0.426
5.1.99.6;Arabidopsis thaliana;0.0006
5.1.99.6;Arabidopsis thaliana;0.00115
5.2.1.2;Arabidopsis thaliana;0.5
5.3.1.8;Arabidopsis thaliana;0.0413
5.3.1.8;Arabidopsis thaliana;0.372
5.4.2.8;Arabidopsis thaliana;0.0297
5.4.2.8;Arabidopsis thaliana;0.0654
5.4.2.8;Arabidopsis thaliana;0.068
5.4.2.8;Arabidopsis thaliana;0.111
5.4.2.8;Arabidopsis thaliana;0.2
5.4.2.8;Arabidopsis thaliana;0.204
5.4.2.8;Arabidopsis thaliana;0.229
5.4.2.8;Arabidopsis thaliana;0.294
5.4.2.8;Arabidopsis thaliana;0.387
5.4.2.8;Arabidopsis thaliana;0.475
5.4.4.2;Arabidopsis thaliana;0.0415
5.5.1.13;Arabidopsis thaliana;0.0008
5.5.1.13;Arabidopsis thaliana;0.0017
5.5.1.13;Arabidopsis thaliana;0.0018
5.5.1.13;Arabidopsis thaliana;0.002
5.5.1.13;Arabidopsis thaliana;0.0029
5.5.1.13;Arabidopsis thaliana;0.003
5.5.1.13;Arabidopsis thaliana;0.006
5.5.1.4;Arabidopsis thaliana;0.67
5.5.1.9;Arabidopsis thaliana;0.077
5.5.1.9;Arabidopsis thaliana;0.078
5.5.1.9;Arabidopsis thaliana;0.093
5.5.1.9;Arabidopsis thaliana;0.135
5.5.1.9;Arabidopsis thaliana;0.167
5.5.1.9;Arabidopsis thaliana;0.377
5.5.1.9;Arabidopsis thaliana;0.409
5.5.1.9;Arabidopsis thaliana;0.496
5.5.1.9;Arabidopsis thaliana;0.52
5.5.1.9;Arabidopsis thaliana;0.622
5.5.1.9;Arabidopsis thaliana;1.53
5.3.1.9;Archaeoglobus fulgidus;0.18
5.3.1.9;Archaeoglobus fulgidus;0.19
5.3.1.9;Archaeoglobus fulgidus;0.22
5.3.1.9;Archaeoglobus fulgidus;0.25
5.3.1.9;Archaeoglobus fulgidus;0.36
5.3.1.9;Archaeoglobus fulgidus;0.39
5.3.1.9;Archaeoglobus fulgidus;0.5
5.3.1.9;Archaeoglobus fulgidus;1.4
5.3.1.9;Archaeoglobus fulgidus;2
5.3.1.9;Archaeoglobus fulgidus;2.9
5.3.1.9;Archaeoglobus fulgidus;4
5.3.1.9;Archaeoglobus fulgidus;20.3
5.3.2.6;Archaeoglobus fulgidus;0.09
5.3.2.6;Archaeoglobus fulgidus;0.11
5.3.2.6;Archaeoglobus fulgidus;0.17
5.4.2.12;Archaeoglobus fulgidus;0.2
5.4.2.12;Archaeoglobus fulgidus;3.3
5.5.1.4;Archaeoglobus fulgidus;0.0051
5.5.1.4;Archaeoglobus fulgidus;0.12
5.3.1.4;Arthrobacter sp.;119
5.4.99.15;Arthrobacter sp.;0.9
5.4.99.15;Arthrobacter sp.;1.4
5.4.99.15;Arthrobacter sp.;8.7
5.4.99.15;Arthrobacter sp.;22.9
5.5.1.1;Arthrobacter sp.;0.029
5.5.1.1;Arthrobacter sp.;0.046
5.5.1.1;Arthrobacter sp.;0.075
5.5.1.1;Arthrobacter sp.;0.15
5.5.1.1;Arthrobacter sp.;0.67
5.1.3.3;Aspergillus niger;50
5.5.1.5;Aspergillus niger;0.057
5.1.1.1;Bacillus anthracis;2.8
5.1.1.1;Bacillus anthracis;3
5.1.1.3;Bacillus anthracis;0.77
5.1.1.3;Bacillus anthracis;1
5.1.1.3;Bacillus anthracis;14
5.1.1.3;Bacillus anthracis;38
5.1.3.14;Bacillus anthracis;2.2
5.1.3.14;Bacillus anthracis;7.3
5.1.3.14;Bacillus anthracis;10.4
5.1.3.14;Bacillus anthracis;11.1
5.1.3.14;Bacillus anthracis;17.2
5.1.3.14;Bacillus anthracis;20.9
5.1.3.14;Bacillus cereus;0.22
5.1.3.14;Bacillus cereus;1.1
5.3.1.4;Bacillus coagulans;106
5.3.1.22;Bacillus fastidiosus;10
5.3.1.12;Bacillus halodurans;0.05
5.3.1.15;Bacillus licheniformis;26
5.3.1.15;Bacillus licheniformis;30.4
5.3.1.4;Bacillus licheniformis;8
5.3.1.4;Bacillus licheniformis;369
5.3.1.4;Bacillus licheniformis;492
5.3.1.4;Bacillus licheniformis;620
5.3.1.4;Bacillus licheniformis;750
5.1.1.7;Bacillus megaterium;6.7
5.1.1.7;Bacillus megaterium;100
5.1.1.1;Bacillus psychrosaccharolyticus;12.2
5.1.1.1;Bacillus psychrosaccharolyticus;17.9
5.3.1.5;Bacillus sp. (in: Bacteria);0.076
5.3.1.5;Bacillus sp. (in: Bacteria);6.66
5.3.1.5;Bacillus sp. (in: Bacteria);10
5.3.1.5;Bacillus sp. (in: Bacteria);29
5.3.1.5;Bacillus sp. (in: Bacteria);142
5.5.1.2;Bacillus sp. (in: Bacteria);0.16
5.1.1.20;Bacillus subtilis;0.028
5.1.1.20;Bacillus subtilis;0.32
5.1.1.20;Bacillus subtilis;0.51
5.1.1.3;Bacillus subtilis;0.25
5.1.1.3;Bacillus subtilis;1.7
5.1.1.3;Bacillus subtilis;2.5
5.1.1.3;Bacillus subtilis;8.6
5.1.1.3;Bacillus subtilis;10
5.1.1.3;Bacillus subtilis;14
5.1.1.3;Bacillus subtilis;47
5.1.1.3;Bacillus subtilis;50
5.1.1.3;Bacillus subtilis;200
5.3.1.8;Bacillus subtilis;110
5.3.1.8;Bacillus subtilis;312
5.3.1.8;Bacillus subtilis;433
5.3.1.8;Bacillus subtilis;469
5.3.1.8;Bacillus subtilis;946
5.3.1.8;Bacillus subtilis;998
5.3.3.19;Bacillus subtilis;0.423
5.4.2.6;Bacillus subtilis;0.004
5.4.2.6;Bacillus subtilis;0.006
5.4.2.6;Bacillus subtilis;0.021
5.4.2.6;Bacillus subtilis;0.027
5.4.3.2;Bacillus subtilis;8
5.4.99.5;Bacillus subtilis;0.1
5.4.99.5;Bacillus subtilis;1
5.4.99.5;Bacillus subtilis;2.6
5.1.3.11;Bacteroides fragilis;3.7
5.1.3.11;Bacteroides fragilis;6.56
5.3.1.5;Bacteroides stercoris;54.03
5.1.3.3;Batrachoididae gen. sp.;12
5.3.1.5;Bifidobacterium adolescentis;4
5.3.1.5;Bifidobacterium adolescentis;298
5.1.1.13;Bifidobacterium bifidum;0.94
5.1.1.13;Bifidobacterium bifidum;13.4
5.1.3.2;Bifidobacterium bifidum;0.53
5.1.3.2;Bifidobacterium bifidum;1.4
5.3.1.4;Bifidobacterium longum;120
5.3.1.4;Bifidobacterium longum;590
5.4.2.3;Blastocladiella emersonii;3.6
5.3.3.2;Bombyx mori;0.02
5.1.3.16;Bos taurus;0.05
5.1.3.16;Bos taurus;0.09
5.1.3.17;Bos taurus;0.063
5.1.3.3;Bos taurus;5
5.1.3.3;Bos taurus;12
5.1.3.3;Bos taurus;19
5.3.1.6;Bos taurus;2.6
5.3.1.6;Bos taurus;6.5
5.3.1.6;Bos taurus;9.1
5.3.2.2;Bos taurus;0.045
5.3.2.2;Bos taurus;0.068
5.3.2.2;Bos taurus;220
5.3.3.1;Bos taurus;0.01
5.3.3.3;Bos taurus;0.05
5.3.3.8;Bos taurus;0.021
5.3.3.8;Bos taurus;0.032
5.4.99.7;Bos taurus;0.011
5.5.1.4;Bos taurus;0.24
5.5.1.4;Bos taurus;0.9
5.5.1.4;Bos taurus;2.7
5.1.1.11;Brevibacillus brevis;0.0062
5.1.1.11;Brevibacillus brevis;0.0166
5.99.1.4;Brevundimonas vesicularis;0.27
5.1.1.8;Brucella abortus;9.8
5.1.1.8;Brucella melitensis;9
5.1.1.8;Brucella suis;7.6
5.3.1.8;Burkholderia cenocepacia;12.4
5.3.1.8;Burkholderia cepacia;9
5.4.2.9;Burkholderia gladioli;0.019
5.1.1.8;Burkholderia pseudomallei;14.4
5.1.3.25;Burkholderia thailandensis;0.0247
5.1.1.1;Caldanaerobacter subterraneus subsp. tengcongensis;20.16
5.1.3.11;Caldicellulosiruptor saccharolyticus;51.8
5.1.3.11;Caldicellulosiruptor saccharolyticus;70.9
5.3.1.14;Caldicellulosiruptor saccharolyticus;1.03
5.3.1.14;Caldicellulosiruptor saccharolyticus;3
5.3.1.14;Caldicellulosiruptor saccharolyticus;3.64
5.3.1.14;Caldicellulosiruptor saccharolyticus;3.65
5.3.1.14;Caldicellulosiruptor saccharolyticus;14.3
5.3.1.25;Caldicellulosiruptor saccharolyticus;141
5.3.1.3;Caldicellulosiruptor saccharolyticus;61
5.3.1.3;Caldicellulosiruptor saccharolyticus;152
5.1.3.2;Campylobacter jejuni;0.78
5.1.3.2;Campylobacter jejuni;0.784
5.1.3.2;Campylobacter jejuni;1.07
5.1.3.2;Campylobacter jejuni;1.087
5.1.3.7;Campylobacter jejuni;0.78
5.1.3.7;Campylobacter jejuni;0.784
5.1.3.7;Campylobacter jejuni;1.07
5.1.3.7;Campylobacter jejuni;1.087
5.3.1.8;Candida albicans;0.2
5.3.1.8;Candida albicans;0.8
5.3.1.8;Candida albicans;1
5.3.1.8;Candida albicans;4
5.1.3.3;Canis lupus familiaris;19
5.3.3.2;Capsicum annuum;0.006
5.3.1.9;Carassius auratus;0.36
5.3.1.8;Cassia coluteoides;1.6
5.3.1.8;Cassia coluteoides;1.9
5.3.1.9;Cassia coluteoides;0.14
5.3.1.9;Cassia coluteoides;0.23
5.3.1.9;Cassia coluteoides;0.35
5.3.1.9;Cassia coluteoides;0.46
5.3.1.9;Cassia coluteoides;0.83
5.3.1.9;Cassia coluteoides;1.1
5.3.1.9;Cassia coluteoides;1.3
5.3.1.9;Cassia coluteoides;1.5
5.4.2.2;Cassia corymbosa;0.065
5.4.2.8;Cassia corymbosa;0.15
5.4.2.8;Cassia corymbosa;0.3
5.4.4.4;Castellaniella defragrans;0.5
5.1.1.1;Cellana grata;20.4
5.1.1.1;Cellana grata;43
5.3.1.B3;Cellulomonas parahominis;15.4
5.3.1.B3;Cellulomonas parahominis;30.4
5.3.1.B3;Cellulomonas parahominis;32.8
5.3.1.B3;Cellulomonas parahominis;37.1
5.3.1.B3;Cellulomonas parahominis;37.6
5.3.1.B3;Cellulomonas parahominis;39.2
5.3.1.B3;Cellulomonas parahominis;40
5.3.1.B3;Cellulomonas parahominis;40.1
5.3.1.B3;Cellulomonas parahominis;40.3
5.3.1.B3;Cellulomonas parahominis;51
5.3.1.B3;Cellulomonas parahominis;51.1
5.3.1.B3;Cellulomonas parahominis;54.8
5.5.1.6;Cephalocereus senilis;0.004
5.5.1.6;Cephalocereus senilis;0.0072
5.5.1.6;Cephalocereus senilis;0.0119
5.5.1.6;Cephalocereus senilis;0.0162
5.3.1.1;Chlamydomonas reinhardtii;3.04
5.4.99.30;Chlamydomonas reinhardtii;0.148
5.4.99.30;Chlamydomonas reinhardtii;0.152
5.4.99.30;Chlamydomonas reinhardtii;0.371
5.4.99.30;Chlamydomonas reinhardtii;10.3
5.4.99.5;Chlamydomonas reinhardtii;0.46
5.3.2.6;Chloroflexus aurantiacus;0.017
5.3.2.6;Chloroflexus aurantiacus;0.063
5.3.2.6;Chloroflexus aurantiacus;0.069
5.3.2.6;Chloroflexus aurantiacus;0.07
5.3.2.6;Chloroflexus aurantiacus;0.121
5.3.2.6;Chloroflexus aurantiacus;0.135
5.3.2.6;Chloroflexus aurantiacus;0.143
5.3.2.6;Chloroflexus aurantiacus;0.152
5.3.2.6;Chloroflexus aurantiacus;0.159
5.3.2.6;Chloroflexus aurantiacus;0.198
5.3.2.6;Chloroflexus aurantiacus;0.345
5.3.2.6;Chloroflexus aurantiacus;1.033
5.4.3.6;Chondromyces crocatus;0.178
5.4.3.6;Chondromyces crocatus;0.377
5.3.3.2;Choristoneura fumiferana;0.0033
5.3.3.2;Choristoneura fumiferana;0.006
5.3.3.2;Choristoneura fumiferana;0.0116
5.3.3.2;Choristoneura fumiferana;0.0128
5.5.1.4;Cicer arietinum;2.63
5.5.1.4;Cicer arietinum;2.7
5.5.1.6;Citrus sinensis;0.004
5.1.1.4;Clostridioides difficile;0.612
5.1.1.4;Clostridioides difficile;8.53
5.1.1.4;Clostridioides difficile;46.7
5.1.1.4;Clostridioides difficile;60.2
5.3.1.6;Clostridioides difficile;5
5.3.1.6;Clostridioides difficile;30
5.3.1.6;Clostridioides difficile;270
5.3.1.6;Clostridioides difficile;460
5.1.3.30;Clostridium bolteae;27.4
5.1.3.30;Clostridium bolteae;59.8
5.4.99.1;Clostridium cochlearium;0.14
5.4.99.1;Clostridium cochlearium;0.58
5.4.2.12;Clostridium perfringens;4.2
5.4.2.12;Clostridium perfringens;4.9
5.4.2.12;Clostridium perfringens;5.2
5.1.3.30;Clostridium scindens;2
5.1.3.30;Clostridium scindens;40.1
5.1.3.30;Clostridium sp.;227.6
5.1.3.30;Clostridium sp.;279
5.2.1.5;Clostridium sporogenes;0.0034
5.2.1.5;Clostridium sporogenes;0.0077
5.2.1.5;Clostridium sporogenes;0.0119
5.2.1.5;Clostridium sporogenes;0.0258
5.3.1.15;Cohnella laeviribosi;22.4
5.3.1.15;Cohnella laeviribosi;34
5.3.1.15;Cohnella laeviribosi;121.7
5.99.1.4;Comamonas testosteroni;0.23
5.1.1.1;Corynebacterium glutamicum;5.01
5.1.1.1;Corynebacterium glutamicum;5.24
5.2.1.4;Corynebacterium glutamicum;148.4
5.4.99.5;Corynebacterium glutamicum;2.83
5.3.99.7;Corynebacterium sp.;0.077
5.3.1.9;Cricetulus griseus;0.11
5.3.1.9;Cricetulus griseus;2.58
5.4.3.6;Cupriavidus crocatus;0.377
5.3.3.4;Cupriavidus necator;0.66
5.3.3.4;Cupriavidus necator;3.6
5.3.3.4;Cupriavidus necator;5.2
5.3.3.4;Cupriavidus necator;6
5.3.3.4;Cupriavidus necator;8.9
5.3.3.4;Cupriavidus necator;9.8
5.3.3.4;Cupriavidus necator;10.3
5.4.4.3;Cupriavidus necator;0.1
5.4.99.14;Cupriavidus necator;0.028
5.4.99.14;Cupriavidus necator;0.176
5.5.1.11;Cupriavidus necator;0.02
5.5.1.11;Cupriavidus necator;0.128
5.5.1.11;Cupriavidus necator;0.158
5.5.1.11;Cupriavidus necator;0.304
5.5.1.11;Cupriavidus necator;0.502
5.5.1.11;Cupriavidus necator;4.2
5.5.1.7;Cupriavidus necator;0.0182
5.5.1.7;Cupriavidus necator;0.0781
5.5.1.7;Cupriavidus necator;0.0928
5.5.1.7;Cupriavidus necator;0.274
5.5.1.7;Cupriavidus necator;0.287
5.5.1.7;Cupriavidus necator;0.805
5.5.1.7;Cupriavidus necator;0.819
5.3.3.13;Cutibacterium acnes;0.00482
5.3.3.13;Cutibacterium acnes;0.02577
5.3.3.13;Cutibacterium acnes;0.03794
5.3.3.13;Cutibacterium acnes;0.0657
5.3.1.6;Cyberlindnera jadinii;2.5
5.5.1.4;Cyberlindnera jadinii;0.06
5.4.99.16;Deinococcus geothermalis;254
5.4.99.16;Deinococcus radiodurans;290.7
5.5.1.1;Delftia acidovorans;0.057
5.5.1.1;Delftia acidovorans;0.18
5.5.1.7;Delftia acidovorans;0.05
5.5.1.7;Delftia acidovorans;0.065
5.5.1.7;Delftia acidovorans;0.083
5.1.3.30;Desmospora sp. 8437;81.3
5.1.3.30;Desmospora sp. 8437;549
5.1.3.11;Dictyoglomus turgidum;75.8
5.1.3.11;Dictyoglomus turgidum;79.6
5.3.1.14;Dictyoglomus turgidum;24.6
5.3.1.14;Dictyoglomus turgidum;33.4
5.3.1.14;Dictyoglomus turgidum;36.8
5.3.1.14;Dictyoglomus turgidum;54.5
5.3.1.14;Dictyoglomus turgidum;61.5
5.3.1.14;Dictyoglomus turgidum;63
5.3.1.14;Dictyoglomus turgidum;73.2
5.3.1.15;Dictyoglomus turgidum;1
5.3.1.15;Dictyoglomus turgidum;5
5.3.1.15;Dictyoglomus turgidum;39
5.3.1.15;Dictyoglomus turgidum;65
5.3.1.25;Dictyoglomus turgidum;52
5.3.1.25;Dictyoglomus turgidum;72
5.3.1.25;Dictyoglomus turgidum;77
5.3.1.25;Dictyoglomus turgidum;85
5.3.1.25;Dictyoglomus turgidum;86
5.3.1.25;Dictyoglomus turgidum;90
5.3.1.25;Dictyoglomus turgidum;92
5.3.1.25;Dictyoglomus turgidum;140
5.3.1.25;Dictyoglomus turgidum;148
5.3.1.25;Dictyoglomus turgidum;166
5.3.1.25;Dictyoglomus turgidum;202
5.3.1.25;Dictyoglomus turgidum;225
5.3.1.25;Dictyoglomus turgidum;302
5.3.1.25;Dictyoglomus turgidum;339
5.3.1.25;Dictyoglomus turgidum;385
5.3.1.9;Dictyostelium discoideum;0.1
5.3.1.9;Dictyostelium discoideum;2
5.4.2.12;Dirofilaria immitis;0.58
5.1.3.6;Dolichospermum flos-aquae;0.037
5.5.1.4;Drosophila melanogaster;0.42
5.5.1.4;Drosophila melanogaster;3.5
5.3.1.6;Echinococcus granulosus;2.7
5.4.2.12;Entamoeba histolytica;0.066
5.4.2.12;Entamoeba histolytica;0.106
5.4.2.12;Entamoeba histolytica;0.5
5.4.2.12;Entamoeba histolytica;0.83
5.4.99.16;Enterobacter hormaechei;25
5.4.99.16;Enterobacter hormaechei;75
5.1.1.1;Enterococcus faecalis;2.2
5.1.1.1;Enterococcus faecalis;7.8
5.1.1.13;Enterococcus faecalis;25
5.3.1.4;Enterococcus faecium;3
5.3.1.4;Enterococcus faecium;42
5.3.1.4;Enterococcus faecium;71
5.3.1.4;Enterococcus faecium;101
5.3.1.1;Equus caballus;0.42
5.3.1.1;Equus caballus;0.59
5.1.1.20;Escherichia coli;0.13
5.1.1.20;Escherichia coli;0.19
5.1.1.20;Escherichia coli;0.69
5.1.1.20;Escherichia coli;1.8
5.1.3.2;Escherichia coli;0.026
5.1.3.2;Escherichia coli;0.048
5.1.3.2;Escherichia coli;0.225
5.1.3.2;Escherichia coli;0.255
5.1.3.2;Escherichia coli;0.256
5.1.3.2;Escherichia coli;0.295
5.1.3.2;Escherichia coli;0.323
5.1.3.2;Escherichia coli;0.37
5.1.3.2;Escherichia coli;0.373
5.1.3.2;Escherichia coli;2
5.1.3.2;Escherichia coli;26.4
5.1.3.2;Escherichia coli;83
5.1.3.2;Escherichia coli;110
5.1.3.2;Escherichia coli;230
5.1.3.2;Escherichia coli;260
5.1.3.4;Escherichia coli;0.06
5.1.3.4;Escherichia coli;0.087
5.1.3.4;Escherichia coli;0.096
5.1.3.4;Escherichia coli;0.1
5.1.3.4;Escherichia coli;0.11
5.1.3.4;Escherichia coli;0.14
5.1.3.B1;Escherichia coli;4
5.1.3.B1;Escherichia coli;38
5.3.1.12;Escherichia coli;0.05
5.3.1.12;Escherichia coli;0.16
5.3.1.12;Escherichia coli;0.2
5.3.1.12;Escherichia coli;0.29
5.3.1.12;Escherichia coli;0.3
5.3.1.12;Escherichia coli;0.31
5.3.1.12;Escherichia coli;0.4
5.3.1.12;Escherichia coli;0.41
5.3.1.12;Escherichia coli;0.48
5.3.1.12;Escherichia coli;0.49
5.3.1.12;Escherichia coli;0.5
5.3.1.12;Escherichia coli;0.55
5.3.1.12;Escherichia coli;0.7
5.3.1.12;Escherichia coli;0.8
5.3.1.12;Escherichia coli;0.82
5.3.1.12;Escherichia coli;0.9
5.3.1.12;Escherichia coli;1
5.3.1.12;Escherichia coli;1.2
5.3.1.12;Escherichia coli;1.3
5.3.1.12;Escherichia coli;1.4
5.3.1.12;Escherichia coli;1.7
5.3.1.12;Escherichia coli;2.5
5.3.1.12;Escherichia coli;2.6
5.3.1.12;Escherichia coli;8.5
5.3.1.12;Escherichia coli;9.4
5.3.1.12;Escherichia coli;10.21
5.3.1.12;Escherichia coli;21
5.3.1.12;Escherichia coli;38
5.3.1.12;Escherichia coli;39
5.3.1.12;Escherichia coli;56
5.3.1.12;Escherichia coli;200
5.3.1.12;Escherichia coli;220
5.3.1.13;Escherichia coli;0.3
5.3.1.13;Escherichia coli;0.35
5.3.1.13;Escherichia coli;0.57
5.3.1.13;Escherichia coli;0.61
5.3.1.13;Escherichia coli;0.64
5.3.1.13;Escherichia coli;1.2
5.3.1.14;Escherichia coli;2
5.3.1.14;Escherichia coli;5
5.3.1.16;Escherichia coli;1.6
5.3.1.16;Escherichia coli;1.8
5.3.1.3;Escherichia coli;42
5.3.1.3;Escherichia coli;45
5.3.1.3;Escherichia coli;170
5.3.1.3;Escherichia coli;280
5.3.1.6;Escherichia coli;0.83
5.3.1.6;Escherichia coli;3.1
5.3.1.6;Escherichia coli;4.4
5.3.1.9;Escherichia coli;0.2
5.3.3.8;Escherichia coli;0.006
5.3.3.8;Escherichia coli;0.089
5.4.2.5;Escherichia coli;0.9
5.4.2.5;Escherichia coli;1.1
5.4.2.5;Escherichia coli;8.5
5.4.2.5;Escherichia coli;17
5.4.2.7;Escherichia coli;0.013
5.4.2.7;Escherichia coli;0.014
5.4.2.7;Escherichia coli;0.015
5.4.2.7;Escherichia coli;0.022
5.4.2.7;Escherichia coli;0.043
5.4.4.2;Escherichia coli;0.007
5.4.4.2;Escherichia coli;0.04
5.4.4.2;Escherichia coli;0.066
5.4.4.2;Escherichia coli;0.076
5.4.4.2;Escherichia coli;0.103
5.4.4.2;Escherichia coli;0.192
5.4.4.2;Escherichia coli;0.195
5.4.4.2;Escherichia coli;0.261
5.4.4.2;Escherichia coli;0.319
5.4.4.2;Escherichia coli;0.466
5.4.99.12;Escherichia coli;0.000086
5.4.99.12;Escherichia coli;0.00011
5.4.99.12;Escherichia coli;0.00094
5.4.99.12;Escherichia coli;0.0018
5.4.99.18;Escherichia coli;0.0226
5.4.99.5;Escherichia coli;0.3
5.4.99.5;Escherichia coli;0.45
5.4.99.5;Escherichia coli;0.59
5.4.99.5;Escherichia coli;1.16
5.4.99.59;Escherichia coli;3.43
5.3.3.6;Eubacterium barkeri;7
5.3.3.6;Eubacterium barkeri;60
5.1.3.11;Eubacterium cellulosolvens;11.3
5.1.3.11;Eubacterium cellulosolvens;72
5.4.99.2;Euglena gracilis;0.0279
5.4.99.2;Euglena gracilis;0.3474
5.3.3.9;Felis catus;0.025
5.1.1.4;Ferroplasma acidarmanus;1.17
5.1.1.4;Ferroplasma acidarmanus;31.6
5.1.1.4;Ferroplasma acidarmanus;53
5.1.1.8;Ferroplasma acidarmanus;2.17
5.1.1.8;Ferroplasma acidarmanus;6.12
5.4.4.2;Flavobacterium sp.;0.076
5.4.4.2;Flavobacterium sp.;0.171
5.4.4.2;Flavobacterium sp.;0.254
5.4.4.2;Flavobacterium sp.;0.27
5.4.4.2;Flavobacterium sp.;0.313
5.4.4.2;Flavobacterium sp.;0.35
5.3.1.13;Francisella tularensis;0.38
5.4.2.2;Fusarium oxysporum;0.00103
5.4.2.2;Fusarium oxysporum;0.1
5.1.1.3;Fusobacterium nucleatum subsp. nucleatum;0.9
5.1.1.3;Fusobacterium nucleatum subsp. nucleatum;1.04
5.1.1.3;Fusobacterium nucleatum subsp. nucleatum;1.5
5.1.1.3;Fusobacterium nucleatum subsp. nucleatum;1.7
5.1.1.3;Fusobacterium nucleatum subsp. nucleatum;26
5.1.3.2;Galdieria sulphuraria;0.064
5.3.3.2;Gallus gallus;0.0013
5.3.3.2;Gallus gallus;0.0017
5.3.3.2;Gallus gallus;0.0025
5.4.2.4;Gallus gallus;0.0024
5.4.2.4;Gallus gallus;0.0028
5.4.99.13;Geobacillus kaustophilus;0.0201
5.4.99.13;Geobacillus kaustophilus;0.0453
5.4.99.13;Geobacillus kaustophilus;0.0508
5.1.1.1;Geobacillus stearothermophilus;2.3
5.1.1.1;Geobacillus stearothermophilus;2.6
5.1.1.1;Geobacillus stearothermophilus;2.8
5.1.1.1;Geobacillus stearothermophilus;4
5.1.1.1;Geobacillus stearothermophilus;4.5
5.1.1.1;Geobacillus stearothermophilus;4.7
5.1.1.1;Geobacillus stearothermophilus;5.1
5.1.1.1;Geobacillus stearothermophilus;8.3
5.1.1.1;Geobacillus stearothermophilus;18
5.1.1.1;Geobacillus stearothermophilus;32
5.3.1.4;Geobacillus stearothermophilus;77
5.3.1.4;Geobacillus stearothermophilus;100
5.3.1.4;Geobacillus stearothermophilus;279
5.3.1.4;Geobacillus stearothermophilus;578
5.3.1.5;Geobacillus stearothermophilus;100
5.3.1.5;Geobacillus stearothermophilus;200
5.3.1.8;Geobacillus thermodenitrificans;8
5.3.1.8;Geobacillus thermodenitrificans;100
5.3.1.8;Geobacillus thermodenitrificans;149
5.3.1.8;Geobacillus thermodenitrificans;243
5.1.3.7;Giardia intestinalis;0.0011
5.1.3.7;Giardia intestinalis;0.0114
5.1.3.7;Giardia intestinalis;0.85
5.1.3.7;Giardia intestinalis;1.22
5.3.1.1;Giardia intestinalis;0.53
5.3.1.1;Giardia intestinalis;0.87
5.3.1.1;Giardia intestinalis;1.1
5.4.2.2;Giardia intestinalis;0.003
5.4.2.2;Giardia intestinalis;0.0082
5.4.2.3;Giardia intestinalis;0.7
5.4.2.8;Giardia intestinalis;0.0056
5.5.1.4;Gleichenia glauca;0.9
5.5.1.4;Gleichenia glauca;0.922
5.5.1.6;Glycine max;0.002
5.5.1.6;Glycine max;0.004
5.5.1.6;Glycine max;0.007
5.5.1.6;Glycine max;0.01
5.5.1.6;Glycine max;0.013
5.5.1.6;Glycine max;0.015
5.5.1.6;Glycine max;0.018
5.5.1.6;Glycine max;0.02
5.5.1.6;Glycine max;0.021
5.5.1.6;Glycine max;0.029
5.5.1.6;Glycine max;0.03
5.5.1.6;Glycine max;0.042
5.5.1.6;Glycine max;0.049
5.5.1.6;Glycine max;0.15
5.3.1.24;Hansenula henricii;1.3
5.1.3.5;Helianthus tuberosus;0.16
5.1.1.1;Helicobacter pylori;6.2
5.1.1.1;Helicobacter pylori;6.2
5.1.1.1;Helicobacter pylori;100
5.3.2.6;Helicobacter pylori;0.11
5.3.2.6;Helicobacter pylori;0.135
5.3.2.6;Helicobacter pylori;0.19
5.3.2.6;Helicobacter pylori;0.23
5.1.3.3;Homo sapiens;37
5.1.3.3;Homo sapiens;54
5.1.99.2;Homo sapiens;3.9
5.3.1.6;Homo sapiens;2.2
5.3.1.9;Homo sapiens;0.0596
5.3.1.9;Homo sapiens;0.0635
5.3.1.9;Homo sapiens;0.0657
5.3.1.9;Homo sapiens;0.0734
5.3.1.9;Homo sapiens;0.0769
5.3.1.9;Homo sapiens;0.351
5.3.1.9;Homo sapiens;0.445
5.3.1.9;Homo sapiens;0.449
5.3.1.9;Homo sapiens;0.505
5.3.1.9;Homo sapiens;0.573
5.3.1.9;Homo sapiens;169
5.3.1.9;Homo sapiens;170
5.3.1.9;Homo sapiens;221
5.3.1.9;Homo sapiens;267.4
5.3.3.1;Homo sapiens;0.0001
5.3.3.1;Homo sapiens;0.00041
5.3.3.1;Homo sapiens;0.00083
5.3.3.1;Homo sapiens;0.0024
5.3.3.1;Homo sapiens;0.0033
5.3.3.1;Homo sapiens;0.0044
5.3.3.1;Homo sapiens;0.0175
5.3.3.1;Homo sapiens;0.0279
5.3.3.1;Homo sapiens;0.033
5.3.3.1;Homo sapiens;0.0623
5.3.3.1;Homo sapiens;0.0808
5.3.3.1;Homo sapiens;0.088
5.3.3.1;Homo sapiens;0.0884
5.3.3.2;Homo sapiens;0.0228
5.3.99.4;Homo sapiens;0.059
5.3.99.4;Homo sapiens;0.065
5.3.99.5;Homo sapiens;0.071
5.3.99.5;Homo sapiens;0.087
5.4.2.11;Homo sapiens;0.4
5.4.2.3;Homo sapiens;0.046
5.4.2.4;Homo sapiens;0.0094
5.4.2.4;Homo sapiens;0.0096
5.4.2.4;Homo sapiens;0.0222
5.4.2.8;Homo sapiens;0.0032
5.4.2.8;Homo sapiens;0.006
5.4.2.8;Homo sapiens;0.0075
5.4.2.8;Homo sapiens;0.0135
5.4.2.8;Homo sapiens;0.016
5.4.2.8;Homo sapiens;0.054
5.4.99.2;Homo sapiens;0.06
5.5.1.4;Homo sapiens;1.15
5.99.1.3;Homo sapiens;0.0000012
5.99.1.3;Homo sapiens;0.21
5.99.1.3;Homo sapiens;0.3
5.99.1.3;Homo sapiens;0.39
5.99.1.3;Homo sapiens;0.55
5.99.1.3;Homo sapiens;0.61
5.99.1.3;Homo sapiens;0.94
5.1.3.2;Hordeum vulgare;0.04
5.1.3.2;Hordeum vulgare;0.055
5.1.3.2;Hordeum vulgare;0.16
5.1.3.2;Hordeum vulgare;0.2
5.1.3.5;Hordeum vulgare;1.4
5.1.3.5;Hordeum vulgare;1.8
5.5.1.2;Hydrogenophaga intermedia;0.15
5.5.1.2;Hydrogenophaga intermedia;7.1
5.4.2.11;Hyphomicrobium sp.;0.69
5.4.2.11;Hyphomicrobium sp.;6
5.4.99.8;Isodon japonicus;0.05
5.4.99.5;Kitasatospora aureofaciens;0.52
5.3.1.6;Klebsiella aerogenes;1.8
5.3.1.9;Klebsiella aerogenes;0.36
5.3.1.25;Klebsiella pneumoniae;35
5.3.1.25;Klebsiella pneumoniae;50
5.3.1.25;Klebsiella pneumoniae;55
5.3.1.25;Klebsiella pneumoniae;98
5.3.1.25;Klebsiella pneumoniae;140
5.3.1.25;Klebsiella pneumoniae;160
5.3.1.3;Klebsiella pneumoniae;35
5.3.1.3;Klebsiella pneumoniae;50
5.3.1.3;Klebsiella pneumoniae;55
5.3.1.3;Klebsiella pneumoniae;98
5.3.1.3;Klebsiella pneumoniae;140
5.3.1.3;Klebsiella pneumoniae;160
5.4.99.11;Klebsiella pneumoniae;42.7
5.1.99.3;Klebsiella pneumoniae subsp. pneumoniae;0.3
5.1.99.3;Klebsiella pneumoniae subsp. pneumoniae;0.4
5.4.99.11;Klebsiella sp.;54.6
5.4.2.2;Komagataeibacter xylinus;2.6
5.4.99.64;Kyrpidia tusciae DSM 2912;0.087
5.4.99.64;Kyrpidia tusciae DSM 2912;0.09
5.4.99.64;Kyrpidia tusciae DSM 2912;0.313
5.3.1.5;Lachnoclostridium phytofermentans;61.9
5.3.1.5;Lachnoclostridium phytofermentans;66
5.1.1.3;Lactobacillus brevis;5.94
5.1.1.3;Lactobacillus brevis;6.39
5.1.3.21;Lactobacillus brevis;2.2
5.4.2.6;Lactobacillus brevis;0.012
5.1.1.21;Lactobacillus buchneri;5
5.1.1.21;Lactobacillus buchneri;13.2
5.1.2.1;Lactobacillus curvatus;50
5.1.2.1;Lactobacillus curvatus;70
5.2.1.5;Lactobacillus delbrueckii subsp. bulgaricus;0.0619
5.4.2.6;Lactobacillus delbrueckii subsp. lactis;0.23
5.1.1.3;Lactobacillus fermentum;0.26
5.1.1.3;Lactobacillus fermentum;0.33
5.1.1.3;Lactobacillus fermentum;1.1
5.1.1.3;Lactobacillus fermentum;1.2
5.1.1.3;Lactobacillus fermentum;1.3
5.1.1.3;Lactobacillus fermentum;3.5
5.1.1.3;Lactobacillus fermentum;4.5
5.1.1.3;Lactobacillus fermentum;5.8
5.1.1.3;Lactobacillus fermentum;35
5.1.1.3;Lactobacillus fermentum;41
5.3.1.4;Lactobacillus fermentum;46
5.3.1.4;Lactobacillus fermentum;51
5.3.1.4;Lactobacillus fermentum;55
5.3.1.4;Lactobacillus fermentum;56
5.3.1.4;Lactobacillus fermentum;61
5.3.1.4;Lactobacillus fermentum;63
5.3.1.4;Lactobacillus fermentum;74
5.3.1.4;Lactobacillus fermentum;78
5.3.1.4;Lactobacillus fermentum;82
5.3.1.4;Lactobacillus fermentum;84
5.3.1.4;Lactobacillus fermentum;93
5.3.1.4;Lactobacillus fermentum;94
5.3.1.4;Lactobacillus fermentum;96
5.3.1.4;Lactobacillus fermentum;108
5.3.1.4;Lactobacillus fermentum;116
5.3.1.4;Lactobacillus fermentum;117
5.3.1.4;Lactobacillus fermentum;125
5.3.1.4;Lactobacillus fermentum;129
5.3.1.4;Lactobacillus fermentum;137
5.3.1.4;Lactobacillus fermentum;166
5.3.1.4;Lactobacillus fermentum;201
5.3.1.4;Lactobacillus fermentum;246
5.3.1.4;Lactobacillus fermentum;287
5.1.1.3;Lactobacillus plantarum;0.84
5.1.1.3;Lactobacillus plantarum;1.64
5.3.1.4;Lactobacillus plantarum;18
5.3.1.4;Lactobacillus plantarum;28
5.3.1.4;Lactobacillus plantarum;43.4
5.3.1.4;Lactobacillus plantarum;119
5.3.1.5;Lactobacillus reuteri;177.4
5.3.1.5;Lactobacillus reuteri;1099
5.1.3.B1;Lactococcus lactis;20
5.1.3.B1;Lactococcus lactis;21
5.1.3.B1;Lactococcus lactis;25
5.1.3.B1;Lactococcus lactis;32
5.1.3.B1;Lactococcus lactis;34
5.1.3.B1;Lactococcus lactis;37
5.3.1.26;Lactococcus lactis;58
5.3.1.26;Lactococcus lactis;58
5.3.1.26;Lactococcus lactis;143
5.3.1.5;Lactococcus lactis;2.25
5.3.1.5;Lactococcus lactis;3.46
5.3.1.5;Lactococcus lactis;4.4
5.4.2.2;Lactococcus lactis;0.0168
5.4.2.6;Lactococcus lactis;0.23
5.3.1.5;Lactococcus lactis subsp. lactis;5.3
5.4.2.11;Lactococcus lactis subsp. lactis;1.03
5.3.1.7;Lechevalieria aerocolonigenes;1.4
5.3.1.7;Lechevalieria aerocolonigenes;2.1
5.3.1.7;Lechevalieria aerocolonigenes;12
5.3.1.1;Leishmania donovani;0.328
5.99.1.3;Leishmania donovani;0.33
5.99.1.3;Leishmania donovani;0.55
5.4.2.12;Leishmania mexicana;0.11
5.4.2.12;Leishmania mexicana;0.27
5.3.1.9;Leishmania mexicana mexicana;0.1425
5.5.1.4;Lemna gibba;0.035
5.1.3.2;Marinithermus hydrothermalis;0.146
5.1.3.2;Marinithermus hydrothermalis;0.243
5.1.3.2;Marinithermus hydrothermalis;0.316
5.1.3.2;Marinithermus hydrothermalis;0.362
5.1.3.2;Marinithermus hydrothermalis;0.426
5.1.3.2;Marinithermus hydrothermalis;0.437
5.1.3.7;Marinithermus hydrothermalis;0.519
5.1.3.7;Marinithermus hydrothermalis;0.578
5.1.3.7;Marinithermus hydrothermalis;0.887
5.1.1.1;Medicago sativa;12
5.1.1.1;Medicago sativa;29.6
5.4.99.16;Meiothermus ruber;57.5
5.4.99.16;Meiothermus ruber;69.6
5.4.99.16;Meiothermus ruber;79.2
5.4.99.16;Meiothermus ruber;98.9
5.4.99.16;Meiothermus ruber;126
5.4.99.16;Meiothermus ruber;126.2
5.4.99.16;Meiothermus ruber;154
5.3.3.11;Mentha x piperita;0.27
5.1.3.3;Meriones unguiculatus;19
5.3.1.14;Mesorhizobium loti;2
5.3.1.14;Mesorhizobium loti;5
5.3.1.14;Mesorhizobium loti;5.25
5.3.1.14;Mesorhizobium loti;6.18
5.3.1.14;Mesorhizobium loti;7.11
5.3.1.14;Mesorhizobium loti;23.5
5.3.1.9;Methanocaldococcus jannaschii;0.04
5.3.1.9;Methanocaldococcus jannaschii;1
5.3.3.2;Methanocaldococcus jannaschii;15.3
5.4.2.12;Methanocaldococcus jannaschii;0.33
5.4.99.5;Methanocaldococcus jannaschii;0.041
5.1.3.14;Methanococcus maripaludis;0.36
5.3.1.9;Methanosarcina mazei;0.7
5.3.1.9;Methanosarcina mazei;1
5.3.3.2;Methanothermobacter thermautotrophicus;0.064
5.3.2.6;Methylibium petroleiphilum;0.06
5.3.2.6;Methylibium petroleiphilum;0.105
5.3.2.6;Methylibium petroleiphilum;0.14
5.3.2.6;Methylibium petroleiphilum;0.211
5.3.1.27;Methylococcus capsulatus;0.1
5.3.1.27;Methylococcus capsulatus;1.1
5.3.1.1;Moritella marina;1.9
5.3.1.1;Moritella marina;4.8
5.1.1.18;Mus musculus;1.8
5.1.1.18;Mus musculus;8
5.1.1.18;Mus musculus;8.2
5.1.1.18;Mus musculus;9
5.1.1.18;Mus musculus;9.2
5.1.1.18;Mus musculus;10
5.1.1.18;Mus musculus;10.5
5.1.1.18;Mus musculus;13
5.1.3.3;Mus musculus;19
5.1.99.6;Mus musculus;0.00033
5.1.99.6;Mus musculus;0.0016
5.3.2.1;Mus musculus;0.02
5.3.2.1;Mus musculus;0.031
5.1.1.1;Mycobacterium avium;0.4
5.1.1.1;Mycobacterium avium;0.5
5.3.1.4;Mycobacterium smegmatis;27
5.3.1.4;Mycobacterium smegmatis;33.3
5.3.2.1;Mycobacterium smegmatis;0.11
5.3.2.1;Mycobacterium smegmatis;0.152
5.3.2.1;Mycobacterium smegmatis;0.25
5.3.2.1;Mycobacterium smegmatis;0.79
5.3.2.1;Mycobacterium smegmatis;0.89
5.3.2.1;Mycobacterium smegmatis;3.5
5.3.2.1;Mycobacterium smegmatis;96
5.1.1.7;Mycobacterium tuberculosis;12
5.1.99.4;Mycobacterium tuberculosis;0.041
5.1.99.4;Mycobacterium tuberculosis;0.048
5.1.99.4;Mycobacterium tuberculosis;0.071
5.1.99.4;Mycobacterium tuberculosis;0.086
5.1.99.4;Mycobacterium tuberculosis;0.087
5.3.1.1;Mycobacterium tuberculosis;0.0025
5.3.1.1;Mycobacterium tuberculosis;0.084
5.3.1.9;Mycobacterium tuberculosis;0.318
5.4.2.2;Mycobacterium tuberculosis;0.1
5.4.99.3;Mycobacterium tuberculosis;2.4
5.4.99.5;Mycobacterium tuberculosis;1.2
5.4.99.5;Mycobacterium tuberculosis;5
5.5.1.16;Mycobacterium tuberculosis;0.0016
5.3.3.2;Narcissus pseudonarcissus;0.0076
5.5.1.5;Neurospora crassa;0.0103
5.5.1.5;Neurospora crassa;0.0207
5.5.1.5;Neurospora crassa;26.2
5.3.3.1;Nocardia erythropolis;0.007
5.3.3.1;Nocardia erythropolis;0.0125
5.3.3.1;Nocardia erythropolis;0.548
5.2.1.1;Nocardia farcinica;0.00053
5.2.1.1;Nocardia farcinica;0.0037
5.2.1.1;Nocardia farcinica;0.0046
5.2.1.1;Nocardia farcinica;0.007
5.1.1.14;Nocardia uniformis;0.036
5.1.1.14;Nocardia uniformis;0.07
5.4.99.15;Nostoc flagelliforme;1.87
5.1.3.8;Nostoc punctiforme;16.6
5.1.3.8;Nostoc sp.;19.7
5.1.3.8;Nostoc sp.;24.6
5.1.1.5;Oenococcus oeni;1
5.1.1.5;Oenococcus oeni;2
5.1.1.5;Oenococcus oeni;9.8
5.1.1.5;Oenococcus oeni;11
5.1.1.5;Oenococcus oeni;15
5.1.1.5;Oenococcus oeni;21
5.1.1.5;Oenococcus oeni;22
5.1.1.5;Oenococcus oeni;27
5.1.1.5;Oenococcus oeni;31
5.4.99.5;Ogataea angusta;1.6
5.3.1.5;Opuntia ficus-indica;46.4
5.3.1.5;Opuntia ficus-indica;259.6
5.3.1.5;Opuntia vulgaris;46.4
5.3.1.5;Opuntia vulgaris;259.6
5.4.2.8;Oryctolagus cuniculus;0.016
5.4.2.8;Oryctolagus cuniculus;0.022
5.4.2.8;Oryctolagus cuniculus;0.074
5.5.1.4;Oryza coarctata;1.8
5.5.1.4;Oryza coarctata;2.5
5.5.1.4;Oryza coarctata;2.83
5.1.1.18;Oryza sativa;2
5.1.1.18;Oryza sativa;8.9
5.1.1.18;Oryza sativa;10
5.1.1.18;Oryza sativa;18
5.1.1.18;Oryza sativa;40
5.1.1.18;Oryza sativa;48
5.1.1.18;Oryza sativa;78
5.1.1.18;Oryza sativa;130
5.1.3.18;Oryza sativa;0.00712
5.1.3.18;Oryza sativa;0.012
5.1.3.6;Oryza sativa;0.259
5.4.99.30;Oryza sativa;0.0228
5.4.99.30;Oryza sativa;0.0454
5.4.99.30;Oryza sativa;0.0531
5.4.99.30;Oryza sativa;0.055
5.1.3.3;Ovis aries;19
5.3.99.3;Ovis aries;0.04
5.3.99.3;Ovis aries;0.15
5.4.99.2;Ovis aries;0.062
5.4.99.2;Ovis aries;0.24
5.4.3.11;Pantoea agglomerans;0.05
5.4.99.11;Pantoea dispersa;39.9
5.5.1.19;Paracoccus haeundaensis;0.035
5.3.1.4;Parageobacillus thermoglucosidasius;175
5.3.1.4;Pediococcus pentosaceus;66
5.3.1.6;Pediococcus pentosaceus;2.8
5.1.1.22;Pelagibaca bermudensis;8
5.1.1.22;Pelagibaca bermudensis;42
5.1.1.1;Penaeus monodon;167
5.1.1.1;Penaeus monodon;179
5.1.3.3;Perca flavescens;12
5.1.3.7;Physarum polycephalum;2.7
5.4.99.16;Picrophilus torridus;42.4
5.4.99.16;Picrophilus torridus;137.8
5.4.99.16;Picrophilus torridus;210.3
5.5.1.4;Pinus ponderosa;0.33
5.3.1.5;Piromyces sp.;49.9
5.1.3.2;Pisum sativum;0.15
5.1.3.2;Pisum sativum;0.16
5.1.3.2;Pisum sativum;0.29
5.1.3.2;Pisum sativum;0.31
5.1.3.5;Pisum sativum;0.015
5.1.3.5;Pisum sativum;0.016
5.3.1.6;Pisum sativum;0.66
5.3.1.6;Pisum sativum;0.88
5.3.1.9;Pisum sativum;0.27
5.4.2.2;Pisum sativum;0.018
5.4.2.2;Pisum sativum;0.033
5.1.3.2;Poterioochromonas malhamensis;0.26
5.1.3.2;Poterioochromonas malhamensis;1.67
5.1.1.1;Procambarus clarkii;73.5
5.1.1.1;Procambarus clarkii;171
5.4.99.2;Propionibacterium freudenreichii subsp. shermanii;0.0345
5.4.99.2;Propionibacterium freudenreichii subsp. shermanii;0.085
5.3.1.15;Providencia stuartii;22
5.3.1.15;Providencia stuartii;38
5.3.1.15;Providencia stuartii;47
5.3.1.15;Providencia stuartii;54
5.1.1.1;Pseudomonas aeruginosa;1.1
5.1.1.1;Pseudomonas aeruginosa;1.4
5.1.1.8;Pseudomonas aeruginosa;0.0016
5.1.1.8;Pseudomonas aeruginosa;0.0024
5.1.1.8;Pseudomonas aeruginosa;14.4
5.3.1.8;Pseudomonas aeruginosa;1.18
5.3.1.8;Pseudomonas aeruginosa;9.04
5.3.1.8;Pseudomonas aeruginosa;12.28
5.3.1.8;Pseudomonas aeruginosa;12.36
5.3.1.8;Pseudomonas aeruginosa;12.9
5.3.1.8;Pseudomonas aeruginosa;15.9
5.3.1.8;Pseudomonas aeruginosa;16.26
5.3.1.8;Pseudomonas aeruginosa;23.12
5.4.2.2;Pseudomonas aeruginosa;0.0013
5.4.2.2;Pseudomonas aeruginosa;0.0024
5.4.2.2;Pseudomonas aeruginosa;0.0027
5.4.2.2;Pseudomonas aeruginosa;0.0028
5.4.2.2;Pseudomonas aeruginosa;0.0034
5.4.2.2;Pseudomonas aeruginosa;0.008
5.4.2.2;Pseudomonas aeruginosa;0.009
5.4.2.2;Pseudomonas aeruginosa;0.01
5.4.2.2;Pseudomonas aeruginosa;0.012
5.4.2.2;Pseudomonas aeruginosa;0.016
5.4.4.2;Pseudomonas aeruginosa;0.0009
5.4.4.2;Pseudomonas aeruginosa;0.0045
5.4.4.2;Pseudomonas aeruginosa;0.012
5.4.4.2;Pseudomonas aeruginosa;0.017
5.4.4.2;Pseudomonas aeruginosa;0.021
5.4.99.61;Pseudomonas denitrificans (nomen rejiciendum);0.00091
5.4.99.61;Pseudomonas denitrificans (nomen rejiciendum);0.91
5.1.1.1;Pseudomonas fluorescens;4.7
5.1.1.1;Pseudomonas fluorescens;8.1
5.1.1.1;Pseudomonas fluorescens;8.7
5.1.1.1;Pseudomonas fluorescens;12.8
5.1.1.1;Pseudomonas fluorescens;18.4
5.1.1.1;Pseudomonas fluorescens;18.9
5.4.99.11;Pseudomonas mesoacidophila;0.0192
5.4.99.11;Pseudomonas mesoacidophila;30
5.4.99.11;Pseudomonas mesoacidophila;40
5.4.99.11;Pseudomonas mesoacidophila;43
5.4.99.11;Pseudomonas mesoacidophila;79
5.4.99.11;Pseudomonas mesoacidophila;100
5.4.99.11;Pseudomonas mesoacidophila;185
5.4.99.11;Pseudomonas mesoacidophila;240
5.4.99.11;Pseudomonas mesoacidophila;500
5.3.2.1;Pseudomonas pavonaceae;0.061
5.3.2.1;Pseudomonas pavonaceae;0.113
5.1.1.1;Pseudomonas putida;7.3
5.1.1.1;Pseudomonas putida;7.4
5.1.1.1;Pseudomonas putida;10.34
5.1.1.10;Pseudomonas putida;4.1
5.1.1.10;Pseudomonas putida;4.8
5.1.1.10;Pseudomonas putida;7.8
5.1.1.10;Pseudomonas putida;9
5.1.1.10;Pseudomonas putida;9.4
5.1.1.10;Pseudomonas putida;11.1
5.1.1.10;Pseudomonas putida;11.5
5.1.1.10;Pseudomonas putida;11.9
5.1.1.10;Pseudomonas putida;13.2
5.1.1.10;Pseudomonas putida;13.2
5.1.1.10;Pseudomonas putida;15.8
5.1.1.10;Pseudomonas putida;16.1
5.1.1.10;Pseudomonas putida;22.3
5.1.1.10;Pseudomonas putida;24.3
5.1.1.8;Pseudomonas putida;11
5.1.1.8;Pseudomonas putida;13
5.1.1.8;Pseudomonas putida;14
5.1.1.8;Pseudomonas putida;19
5.1.1.8;Pseudomonas putida;24
5.1.1.8;Pseudomonas putida;29
5.1.1.8;Pseudomonas putida;32
5.1.1.8;Pseudomonas putida;37
5.1.1.8;Pseudomonas putida;42
5.1.1.8;Pseudomonas putida;49
5.1.2.2;Pseudomonas putida;0.63
5.1.2.2;Pseudomonas putida;1.5
5.1.2.2;Pseudomonas putida;2.1
5.3.3.10;Pseudomonas putida;0.28
5.3.3.7;Pseudomonas putida;0.18
5.3.3.7;Pseudomonas putida;1.05
5.3.3.7;Pseudomonas putida;9
5.4.99.14;Pseudomonas reinekei;0.045
5.4.99.14;Pseudomonas reinekei;0.052
5.4.99.14;Pseudomonas reinekei;0.0972
5.4.99.14;Pseudomonas reinekei;0.4583
5.5.1.1;Pseudomonas reinekei;0.0106
5.5.1.1;Pseudomonas reinekei;0.026
5.5.1.1;Pseudomonas reinekei;0.04
5.5.1.1;Pseudomonas reinekei;0.105
5.5.1.1;Pseudomonas reinekei;0.41
5.5.1.1;Pseudomonas reinekei;1.73
5.3.1.7;Pseudomonas savastanoi pv. phaseolicola;20
5.1.3.31;Pseudomonas sp.;55
5.1.99.5;Pseudomonas sp.;29.8
5.1.99.5;Pseudomonas sp.;79.7
5.2.1.1;Pseudomonas sp.;0.3
5.3.1.14;Pseudomonas sp.;55
5.4.2.11;Pseudomonas sp.;0.37
5.4.2.11;Pseudomonas sp.;3.4
5.4.99.16;Pseudomonas sp.;1.1
5.4.99.16;Pseudomonas sp.;26
5.5.1.1;Pseudomonas sp.;0.011
5.5.1.1;Pseudomonas sp.;0.018
5.5.1.1;Pseudomonas sp.;0.0306
5.5.1.1;Pseudomonas sp.;0.031
5.5.1.1;Pseudomonas sp.;0.04
5.5.1.1;Pseudomonas sp.;0.0558
5.5.1.1;Pseudomonas sp.;0.099
5.5.1.1;Pseudomonas sp.;0.105
5.5.1.1;Pseudomonas sp.;0.134
5.5.1.1;Pseudomonas sp.;0.143
5.5.1.1;Pseudomonas sp.;0.157
5.5.1.1;Pseudomonas sp.;0.415
5.99.1.4;Pseudomonas sp.;0.053
5.1.1.9;Pseudomonas taetrolens;1
5.1.1.9;Pseudomonas taetrolens;1.2
5.1.1.9;Pseudomonas taetrolens;1.8
5.1.1.9;Pseudomonas taetrolens;2.4
5.1.1.9;Pseudomonas taetrolens;3
5.1.1.9;Pseudomonas taetrolens;3.1
5.1.1.9;Pseudomonas taetrolens;3.6
5.1.1.9;Pseudomonas taetrolens;3.7
5.1.1.9;Pseudomonas taetrolens;8.4
5.1.1.9;Pseudomonas taetrolens;8.8
5.1.1.9;Pseudomonas taetrolens;15
5.1.1.9;Pseudomonas taetrolens;15.7
5.3.1.6;Pseudothermotoga lettingae;64
5.3.1.1;Pteris vittata;0.3
5.3.1.1;Pteris vittata;0.3
5.3.3.13;Ptilota filicina;0.0019
5.3.3.13;Ptilota filicina;0.0096
5.3.3.13;Ptilota filicina;0.0152
5.3.3.13;Ptilota filicina;0.017
5.3.3.13;Ptilota filicina;0.0175
5.3.3.13;Ptilota filicina;0.0255
5.3.3.13;Ptilota filicina;0.0328
5.3.3.13;Ptilota filicina;0.0399
5.3.3.13;Ptilota filicina;0.0528
5.3.3.13;Ptilota filicina;0.15
5.3.1.8;Pyrobaculum aerophilum;0.06
5.3.1.8;Pyrobaculum aerophilum;0.3
5.3.1.9;Pyrobaculum aerophilum;0.06
5.3.1.9;Pyrobaculum aerophilum;0.3
5.3.1.9;Pyrobaculum aerophilum;1.9
5.3.1.9;Pyrobaculum aerophilum;2.7
5.1.3.2;Pyrobaculum calidifontis;3.9
5.1.1.18;Pyrobaculum islandicum;95.4
5.1.1.18;Pyrobaculum islandicum;185
5.3.1.1;Pyrococcus furiosus;0.68
5.3.1.1;Pyrococcus furiosus;1.2
5.3.1.9;Pyrococcus furiosus;1
5.3.1.9;Pyrococcus furiosus;1.2
5.3.1.9;Pyrococcus furiosus;7.9
5.3.1.9;Pyrococcus furiosus;8.7
5.4.2.12;Pyrococcus furiosus;0.49
5.1.1.13;Pyrococcus horikoshii;0.7
5.1.3.2;Pyrococcus horikoshii;0.23
5.1.3.2;Pyrococcus horikoshii;2.24
5.1.99.1;Pyrococcus horikoshii;0.079
5.3.1.6;Pyrococcus horikoshii;0.17
5.3.1.6;Pyrococcus horikoshii;1.17
5.3.1.6;Pyrococcus horikoshii;2.39
5.3.1.6;Pyrococcus horikoshii;5.1
5.3.1.6;Pyrococcus horikoshii;7.13
5.3.1.8;Pyrococcus horikoshii;0.0986
5.4.2.2;Pyrococcus horikoshii;0.0915
5.4.2.2;Pyrococcus horikoshii;0.0952
5.4.2.2;Pyrococcus horikoshii;0.127
5.4.2.8;Pyrococcus horikoshii;0.0915
5.4.2.8;Pyrococcus horikoshii;0.0952
5.4.2.8;Pyrococcus horikoshii;0.127
5.4.2.6;Pyrococcus sp.;2.08
5.2.1.4;Ralstonia sp.;0.344
5.2.1.4;Ralstonia sp.;0.346
5.2.1.4;Ralstonia sp.;0.407
5.2.1.4;Ralstonia sp.;0.566
5.2.1.4;Ralstonia sp.;0.69
5.2.1.4;Ralstonia sp.;1.029
5.2.1.4;Ralstonia sp.;2.355
5.2.1.4;Ralstonia sp.;3.339
5.2.1.4;Ralstonia sp.;6.517
5.4.99.11;Raoultella planticola;76
5.1.3.14;Rattus norvegicus;0.011
5.3.3.8;Rattus norvegicus;0.00062
5.3.3.8;Rattus norvegicus;0.0026
5.3.3.8;Rattus norvegicus;0.03
5.3.3.8;Rattus norvegicus;0.048
5.3.3.8;Rattus norvegicus;0.076
5.3.3.8;Rattus norvegicus;0.08
5.3.3.8;Rattus norvegicus;0.089
5.3.3.8;Rattus norvegicus;0.1
5.3.3.8;Rattus norvegicus;0.12
5.3.3.8;Rattus norvegicus;0.31
5.4.2.7;Rattus norvegicus;0.083
5.4.2.7;Rattus norvegicus;0.13
5.3.1.1;Rhipicephalus microplus;0.47
5.1.3.3;Rhizopus stolonifer;180
5.1.99.1;Rhodobacter sphaeroides;0.04
5.1.99.1;Rhodobacter sphaeroides;0.08
5.4.99.63;Rhodobacter sphaeroides;0.06
5.5.1.1;Rhodococcus erythropolis;0.0487
5.5.1.1;Rhodococcus erythropolis;0.0559
5.5.1.1;Rhodococcus erythropolis;0.0667
5.5.1.1;Rhodococcus erythropolis;0.0813
5.5.1.1;Rhodococcus erythropolis;1.24
5.5.1.7;Rhodococcus erythropolis;0.047
5.5.1.7;Rhodococcus erythropolis;0.052
5.5.1.7;Rhodococcus erythropolis;0.066
5.5.1.7;Rhodococcus erythropolis;0.119
5.5.1.7;Rhodococcus erythropolis;0.173
5.5.1.7;Rhodococcus erythropolis;0.312
5.5.1.7;Rhodococcus erythropolis;6.997
5.2.1.1;Rhodococcus jostii;0.1496
5.5.1.7;Rhodococcus opacus;0.0487
5.5.1.7;Rhodococcus opacus;0.0559
5.5.1.7;Rhodococcus opacus;0.0813
5.5.1.7;Rhodococcus opacus;0.1429
5.5.1.7;Rhodococcus opacus;1.24
5.4.99.14;Rhodococcus rhodochrous;0.17
5.4.99.14;Rhodococcus rhodochrous;0.23
5.5.1.1;Rhodococcus rhodochrous;0.16
5.3.3.4;Rhodococcus sp.;0.64
5.3.1.9;Ruminiclostridium thermocellum;1.02
5.3.1.9;Ruminiclostridium thermocellum;1.53
5.3.1.9;Ruminiclostridium thermocellum;1.65
5.3.1.9;Ruminiclostridium thermocellum;1.86
5.3.1.9;Ruminiclostridium thermocellum;1.9
5.3.1.9;Ruminiclostridium thermocellum;2.11
5.3.1.9;Ruminiclostridium thermocellum;2.43
5.3.1.9;Ruminiclostridium thermocellum;2.89
5.4.2.2;Ruminiclostridium thermocellum;0.41
5.4.2.2;Ruminiclostridium thermocellum;0.44
5.1.3.30;Ruminococcus sp.;48
5.1.3.30;Ruminococcus sp.;216
5.4.99.5;Ruta graveolens;0.5
5.4.99.5;Ruta graveolens;1.1
5.1.3.1;Saccharomyces cerevisiae;1.5
5.3.1.24;Saccharomyces cerevisiae;0.0032
5.3.1.24;Saccharomyces cerevisiae;0.004
5.3.1.9;Saccharomyces cerevisiae;0.11
5.3.1.9;Saccharomyces cerevisiae;0.3
5.4.2.7;Saccharomyces cerevisiae;0.5
5.4.2.7;Saccharomyces cerevisiae;0.75
5.4.99.2;Saccharopolyspora erythraea;0.31
5.1.3.13;Salmonella enterica;0.71
5.3.1.9;Salmonella enterica;1
5.3.1.9;Salmonella enterica;3
5.1.3.10;Salmonella enterica subsp. enterica serovar Enteritidis;0.052
5.1.3.10;Salmonella enterica subsp. enterica serovar Enteritidis;0.085
5.1.1.1;Salmonella enterica subsp. enterica serovar Typhimurium;0.5
5.1.1.1;Salmonella enterica subsp. enterica serovar Typhimurium;1.7
5.1.1.1;Salmonella enterica subsp. enterica serovar Typhimurium;2
5.1.1.1;Salmonella enterica subsp. enterica serovar Typhimurium;2.2
5.1.1.1;Salmonella enterica subsp. enterica serovar Typhimurium;2.7
5.1.1.1;Salmonella enterica subsp. enterica serovar Typhimurium;11
5.5.1.28;Salvia divinorum;0.0019
5.5.1.28;Salvia divinorum;0.0019
5.3.1.9;Schistosoma mansoni;0.1
5.1.1.1;Schizosaccharomyces pombe;2.4
5.1.1.1;Schizosaccharomyces pombe;2.4
5.1.1.1;Schizosaccharomyces pombe;5
5.1.1.1;Schizosaccharomyces pombe;5
5.1.1.18;Schizosaccharomyces pombe;19
5.3.3.12;Sepia officinalis;1
5.4.99.11;Serratia plymuthica;0.022
5.4.99.11;Serratia plymuthica;32
5.3.1.15;Serratia proteamaculans;3.83
5.3.1.15;Serratia proteamaculans;13.3
5.3.1.15;Serratia proteamaculans;19.4
5.3.1.15;Serratia proteamaculans;32.2
5.1.1.1;Shigella dysenteriae;10
5.1.1.1;Shigella dysenteriae;20
5.1.1.8;Sinorhizobium meliloti;8
5.1.1.8;Sinorhizobium meliloti;10
5.1.3.5;Sinorhizobium meliloti;0.31
5.1.99.5;Sinorhizobium meliloti;3.76
5.1.99.5;Sinorhizobium meliloti;6.41
5.1.99.5;Sinorhizobium meliloti;8.3
5.1.99.5;Sinorhizobium meliloti;13.89
5.1.99.5;Sinorhizobium meliloti;17.32
5.3.1.9;Sinorhizobium meliloti;0.4
5.3.1.9;Sinorhizobium meliloti;0.8
5.4.99.2;Sinorhizobium meliloti;0.00064
5.4.99.2;Sinorhizobium meliloti;0.0086
5.4.99.2;Sinorhizobium meliloti;0.11
5.4.99.2;Sinorhizobium meliloti;0.13
5.3.1.1;Solanum chacoense;0.22
5.3.1.1;Solanum chacoense;0.29
5.3.3.2;Solanum lycopersicum;0.0057
5.4.2.2;Solanum tuberosum;0.06
5.4.2.2;Solanum tuberosum;0.12
5.4.99.5;Solanum tuberosum;0.045
5.4.99.5;Solanum tuberosum;0.185
5.4.2.2;Sphingobium chungbukense;0.2228
5.4.2.2;Sphingobium chungbukense;0.4392
5.4.2.8;Sphingobium chungbukense;0.1569
5.4.2.8;Sphingobium chungbukense;0.4516
5.4.2.2;Sphingomonas sanxanigenens;0.2
5.4.2.8;Sphingomonas sanxanigenens;0.68
5.1.3.1;Spinacia oleracea;0.22
5.1.3.1;Spinacia oleracea;0.28
5.1.3.1;Spinacia oleracea;0.3
5.1.3.1;Spinacia oleracea;2.1
5.1.1.1;Staphylococcus aureus;0.89
5.1.1.1;Staphylococcus aureus;2.77
5.3.1.26;Staphylococcus aureus;1.9
5.3.1.26;Staphylococcus aureus;9.6
5.3.3.2;Staphylococcus aureus;0.0048
5.3.3.2;Staphylococcus aureus;0.012
5.3.3.2;Staphylococcus aureus;0.0168
5.1.3.6;Streptococcus pneumoniae;0.24
5.1.1.3;Streptococcus pyogenes;3.74
5.1.1.3;Streptococcus pyogenes;126
5.1.3.1;Streptococcus pyogenes;0.2
5.3.1.5;Streptomyces albus;86
5.3.1.5;Streptomyces albus;153
5.3.1.5;Streptomyces albus;312
5.3.1.5;Streptomyces albus;350
5.4.99.1;Streptomyces ansochromogenes;5.2
5.4.99.13;Streptomyces cinnamonensis;0.054
5.4.99.13;Streptomyces cinnamonensis;0.057
5.1.1.17;Streptomyces clavuligerus;0.0024
5.1.1.17;Streptomyces clavuligerus;0.3
5.1.1.17;Streptomyces clavuligerus;0.78
5.3.1.24;Streptomyces coelicolor;0.004
5.3.1.24;Streptomyces coelicolor;0.005
5.3.1.24;Streptomyces coelicolor;0.0083
5.4.2.11;Streptomyces coelicolor;1.3
5.3.1.5;Streptomyces flavogriseus;0.078
5.3.1.5;Streptomyces flavogriseus;0.104
5.3.1.5;Streptomyces flavogriseus;0.249
5.3.1.5;Streptomyces flavogriseus;0.297
5.3.2.4;Streptomyces fradiae;0.027
5.5.1.B6;Streptomyces galilaeus;0.002
5.1.1.18;Streptomyces garyphalus;35
5.1.1.18;Streptomyces garyphalus;111
5.1.1.1;Streptomyces lavendulae;0.7
5.4.3.11;Streptomyces maritimus;0.022
5.4.3.11;Streptomyces maritimus;0.04
5.5.1.23;Streptomyces peucetius;0.0521
5.3.1.4;Streptomyces sp.;40
5.3.1.5;Streptomyces sp.;35
5.3.1.5;Streptomyces sp.;400
5.5.1.13;Streptomyces sp.;0.0137
5.5.1.4;Streptomyces sp.;0.52
5.3.1.5;Streptomyces sp. 1;33
5.3.1.5;Streptomyces sp. 1;259
5.3.1.5;Streptomyces sp. 32;45
5.3.1.5;Streptomyces sp. 32;288
5.4.99.5;Streptomyces venezuelae;0.38
5.3.1.5;Streptomyces violaceoruber;2.9
5.3.1.5;Streptomyces violaceoruber;3.3
5.3.1.5;Streptomyces viridobrunneus;69
5.3.1.5;Streptomyces viridobrunneus;178
5.3.3.2;Sulfolobus shibatae;0.063
5.3.3.2;Sulfolobus shibatae;0.0874
5.3.3.2;Sulfolobus shibatae;0.0904
5.3.1.1;Sulfolobus solfataricus;0.245
5.3.1.1;Sulfolobus solfataricus;0.812
5.4.2.2;Sulfolobus solfataricus;2
5.4.2.2;Sulfolobus solfataricus;6
5.4.2.2;Sulfolobus solfataricus;8
5.4.2.2;Sulfolobus solfataricus;9
5.4.2.2;Sulfolobus solfataricus;12
5.4.2.2;Sulfolobus solfataricus;13
5.4.3.8;Sulfolobus solfataricus;0.38
5.3.3.8;Sus scrofa;0.04
5.3.3.8;Sus scrofa;0.09
5.3.3.8;Sus scrofa;0.11
5.3.3.8;Sus scrofa;0.14
5.3.3.8;Sus scrofa;0.15
5.3.3.8;Sus scrofa;0.24
5.3.3.8;Sus scrofa;0.27
5.3.3.8;Sus scrofa;0.28
5.3.3.8;Sus scrofa;0.5
5.3.3.8;Sus scrofa;0.52
5.3.3.8;Sus scrofa;0.68
5.3.3.8;Sus scrofa;0.81
5.3.3.8;Sus scrofa;0.97
5.3.3.8;Sus scrofa;1
5.3.3.8;Sus scrofa;1.6
5.3.3.8;Sus scrofa;2.1
5.3.3.8;Sus scrofa;4
5.3.3.8;Sus scrofa;7.2
5.4.3.8;Synechococcus sp.;0.022
5.4.3.8;Synechococcus sp.;0.046
5.1.3.8;Synechocystis sp.;4.76
5.1.3.8;Synechocystis sp.;6.94
5.5.1.4;Synechocystis sp.;0.97
5.5.1.4;Synechocystis sp.;1.19
5.5.1.4;Synechocystis sp.;1.67
5.5.1.4;Synechocystis sp.;1.95
5.5.1.4;Taxus baccata;1.05
5.4.3.10;Taxus canadensis;0.057
5.4.3.10;Taxus canadensis;0.073
5.4.3.10;Taxus canadensis;0.083
5.4.3.10;Taxus canadensis;0.091
5.4.3.10;Taxus canadensis;0.12
5.4.3.10;Taxus canadensis;0.136
5.4.3.10;Taxus canadensis;0.25
5.4.3.10;Taxus canadensis;0.397
5.3.1.1;Tenebrio molitor;0.84
5.4.2.9;Tetrahymena pyriformis;0.002
5.4.2.9;Tetrahymena pyriformis;0.063
5.4.2.9;Tetrahymena pyriformis;0.065
5.1.1.1;Thalassiosira sp.;16.5
5.1.1.1;Thalassiosira sp.;29.4
5.4.4.8;Thauera linaloolentis;0.455
5.3.1.5;Thermoanaerobacter ethanolicus;11
5.3.1.4;Thermoanaerobacter mathranii;80
5.3.1.4;Thermoanaerobacter mathranii;120
5.3.1.4;Thermoanaerobacter mathranii;145
5.3.1.14;Thermoanaerobacterium saccharolyticum;3.53
5.3.1.14;Thermoanaerobacterium saccharolyticum;45.2
5.3.1.14;Thermoanaerobacterium saccharolyticum;58.9
5.3.1.14;Thermoanaerobacterium saccharolyticum;121
5.3.1.4;Thermoanaerobacterium saccharolyticum;122
5.3.1.5;Thermoanaerobacterium saccharolyticum;16
5.3.1.5;Thermoanaerobacterium saccharolyticum;19
5.3.1.5;Thermoanaerobacterium saccharolyticum;55
5.3.1.5;Thermoanaerobacterium saccharolyticum;120
5.3.1.5;Thermoanaerobacterium saccharolyticum;130
5.3.1.29;Thermococcus kodakarensis;0.6
5.3.1.9;Thermococcus kodakarensis;2.2
5.3.3.2;Thermococcus kodakarensis;0.046
5.3.3.2;Thermococcus kodakarensis;0.047
5.3.3.2;Thermococcus kodakarensis;0.063
5.3.3.2;Thermococcus kodakarensis;0.065
5.3.3.2;Thermococcus kodakarensis;0.071
5.3.3.2;Thermococcus kodakarensis;0.077
5.3.3.2;Thermococcus kodakarensis;0.084
5.3.3.2;Thermococcus kodakarensis;0.093
5.3.3.2;Thermococcus kodakarensis;0.187
5.3.3.2;Thermococcus kodakarensis;0.199
5.3.3.2;Thermococcus kodakarensis;0.211
5.4.2.2;Thermococcus kodakarensis;3
5.4.2.2;Thermococcus kodakarensis;3.2
5.4.2.2;Thermococcus kodakarensis;3.5
5.4.2.7;Thermococcus kodakarensis;2.5
5.4.2.8;Thermococcus kodakarensis;3
5.4.2.8;Thermococcus kodakarensis;3.2
5.4.2.8;Thermococcus kodakarensis;3.5
5.1.1.4;Thermococcus litoralis;0.092
5.1.1.4;Thermococcus litoralis;0.156
5.1.1.4;Thermococcus litoralis;0.194
5.1.1.4;Thermococcus litoralis;1.21
5.1.1.4;Thermococcus litoralis;1.29
5.1.1.4;Thermococcus litoralis;1.93
5.1.1.4;Thermococcus litoralis;2.54
5.1.1.4;Thermococcus litoralis;4
5.1.1.4;Thermococcus litoralis;20.5
5.1.1.4;Thermococcus litoralis;154
5.1.1.8;Thermococcus litoralis;0.502
5.1.1.8;Thermococcus litoralis;0.905
5.1.1.8;Thermococcus litoralis;3.14
5.1.1.8;Thermococcus litoralis;4.18
5.1.1.8;Thermococcus litoralis;4.28
5.1.1.8;Thermococcus litoralis;6.08
5.1.1.8;Thermococcus litoralis;6.22
5.1.1.8;Thermococcus litoralis;6.5
5.1.1.8;Thermococcus litoralis;6.65
5.1.1.8;Thermococcus litoralis;6.7
5.1.1.8;Thermococcus litoralis;16.4
5.3.1.9;Thermococcus litoralis;0.59
5.3.1.9;Thermococcus litoralis;1.4
5.3.1.9;Thermococcus litoralis;1.7
5.3.1.9;Thermococcus litoralis;2.1
5.3.1.9;Thermococcus litoralis;3.5
5.3.1.9;Thermococcus litoralis;11.7
5.3.1.1;Thermococcus onnurineus;0.21
5.3.1.1;Thermococcus onnurineus;1.67
5.3.1.8;Thermoplasma acidophilum;0.2
5.3.1.8;Thermoplasma acidophilum;0.25
5.3.1.8;Thermoplasma acidophilum;0.72
5.3.1.9;Thermoplasma acidophilum;0.2
5.3.1.9;Thermoplasma acidophilum;0.25
5.3.1.9;Thermoplasma acidophilum;0.72
5.4.2.12;Thermoplasma acidophilum;1.1
5.4.2.12;Thermoplasma acidophilum;3.3
5.1.2.7;Thermotoga maritima;0.68
5.3.1.14;Thermotoga maritima;37
5.3.1.14;Thermotoga maritima;69
5.3.1.14;Thermotoga maritima;76
5.3.1.14;Thermotoga maritima;111
5.3.1.14;Thermotoga maritima;123
5.3.1.24;Thermotoga maritima;0.00028
5.3.1.24;Thermotoga maritima;0.026
5.3.1.24;Thermotoga maritima;0.03
5.3.1.24;Thermotoga maritima;0.04
5.3.1.24;Thermotoga maritima;0.041
5.3.1.24;Thermotoga maritima;0.043
5.3.1.24;Thermotoga maritima;0.045
5.3.1.24;Thermotoga maritima;0.051
5.3.1.24;Thermotoga maritima;0.074
5.3.1.4;Thermotoga maritima;5.2
5.3.1.4;Thermotoga maritima;10.4
5.3.1.4;Thermotoga maritima;11
5.3.1.4;Thermotoga maritima;15.4
5.3.1.4;Thermotoga maritima;25.8
5.3.1.6;Thermotoga maritima;1
5.3.1.6;Thermotoga maritima;7.6
5.4.99.25;Thermotoga maritima;0.00087
5.3.1.4;Thermotoga neapolitana;116
5.3.1.4;Thermotoga neapolitana;250
5.3.1.5;Thermus aquaticus;8
5.3.1.5;Thermus aquaticus;15
5.3.1.5;Thermus aquaticus;93
5.3.1.5;Thermus aquaticus;145
5.3.1.5;Thermus aquaticus;151
5.4.99.16;Thermus aquaticus;34.5
5.4.99.16;Thermus aquaticus;96.5
5.4.99.16;Thermus aquaticus;158
5.1.3.2;Thermus thermophilus;0.258
5.3.1.6;Thermus thermophilus;1.63
5.3.1.8;Thermus thermophilus;0.18
5.3.1.8;Thermus thermophilus;0.21
5.3.1.8;Thermus thermophilus;0.22
5.3.1.8;Thermus thermophilus;0.27
5.3.1.8;Thermus thermophilus;0.33
5.3.1.8;Thermus thermophilus;0.53
5.3.1.8;Thermus thermophilus;0.85
5.3.1.8;Thermus thermophilus;1.29
5.3.1.8;Thermus thermophilus;136
5.3.1.8;Thermus thermophilus;140
5.3.1.8;Thermus thermophilus;150
5.3.1.8;Thermus thermophilus;151
5.3.1.8;Thermus thermophilus;184
5.3.1.8;Thermus thermophilus;228
5.3.1.8;Thermus thermophilus;308
5.3.3.2;Thermus thermophilus;0.0056
5.4.99.16;Thermus thermophilus;57.5
5.4.99.16;Thermus thermophilus;69.6
5.4.99.16;Thermus thermophilus;79.2
5.4.99.16;Thermus thermophilus;82.2
5.4.99.16;Thermus thermophilus;97.4
5.4.99.16;Thermus thermophilus;154
5.4.99.5;Thermus thermophilus;0.29
5.1.1.1;Tolypocladium inflatum;1.4
5.1.1.1;Tolypocladium inflatum;2
5.1.1.1;Tolypocladium inflatum;4.8
5.1.3.2;Candida glabrata;1.2
5.4.2.2;Toxoplasma gondii;0.19
5.4.2.2;Toxoplasma gondii;3.53
5.1.3.8;Trichormus variabilis;2
5.1.3.8;Trichormus variabilis;16.3
5.1.3.8;Trichormus variabilis;16.7
5.1.3.8;Trichormus variabilis;18.8
5.1.3.8;Trichormus variabilis;26.1
5.1.3.8;Trichormus variabilis;62.5
5.1.3.8;Trichormus variabilis;113.9
5.1.3.8;Trichormus variabilis;231.9
5.1.3.5;Triticum aestivum;0.5
5.1.3.5;Triticum aestivum;1.5
5.3.1.9;Triticum aestivum;0.12
5.3.1.9;Triticum aestivum;0.44
5.4.2.8;Triticum aestivum;0.4
5.4.2.8;Triticum aestivum;0.46
5.4.2.8;Triticum aestivum;0.48
5.3.1.1;Trypanosoma brucei;0.24
5.3.1.1;Trypanosoma brucei;0.25
5.3.1.1;Trypanosoma brucei;0.28
5.3.1.1;Trypanosoma brucei;0.34
5.3.1.1;Trypanosoma brucei;0.67
5.3.1.1;Trypanosoma brucei;0.7
5.3.1.1;Trypanosoma brucei;0.9
5.3.1.1;Trypanosoma brucei;1
5.3.1.1;Trypanosoma brucei;1.1
5.3.1.1;Trypanosoma brucei;1.6
5.4.2.3;Trypanosoma brucei;0.014
5.4.2.8;Trypanosoma brucei;0.327
5.3.1.6;Trypanosoma cruzi;1.4
5.3.1.6;Trypanosoma cruzi;2
5.3.1.6;Trypanosoma cruzi;2.5
5.3.1.6;Trypanosoma cruzi;4
5.3.1.6;Trypanosoma cruzi;5
5.3.1.6;Trypanosoma cruzi;10
5.4.2.9;Trypanosoma cruzi;0.008
5.1.1.4;Trypanosoma vivax;106
5.1.1.4;Trypanosoma vivax;145
5.1.1.5;uncultured bacterium;16.21
5.1.1.5;uncultured bacterium;23.48
5.3.1.27;uncultured bacterium;0.029
5.3.1.27;uncultured bacterium;0.67
5.2.1.2;Vibrio sp.;1.9
5.3.1.5;Vibrio sp.;7.93
5.3.1.5;Vibrio sp.;187
5.1.3.2;Vicia faba;0.12
5.1.3.2;Vicia faba;0.25
5.5.1.4;Vigna radiata;0.26
5.5.1.4;Vigna radiata;2.85
5.4.2.1;Wolbachia endosymbiont of Dirofilaria immitis;0.55
5.4.2.12;Wolbachia endosymbiont of Dirofilaria immitis;0.55
5.3.1.8;Xanthomonas campestris;2
5.4.99.5;Yersinia pestis;0.5
5.1.3.6;Zea mays;0.397
5.3.3.5;Zea mays;0.116
5.3.3.5;Zea mays;0.512
5.3.3.5;Zea mays;0.522
5.4.2.8;Zea mays;1.37
5.5.1.17;Zea mays;0.0011
5.4.2.12;Zymomonas mobilis;1.1
