7.1.1.2	NADH:ubiquinone reductase (H+-translocating)	0.0032	-	ubiquinone-2	at pH 7.0	Corynebacterium glutamicum	-	2362	672657	
7.1.1.2	NADH:ubiquinone reductase (H+-translocating)	0.0041	-	ubiquinone-1	at pH 7.0	Corynebacterium glutamicum	-	1150	672657	
7.1.1.2	NADH:ubiquinone reductase (H+-translocating)	0.005	-	NADH	in the presence of 1 mM ferricyanide	Agrobacterium tumefaciens	-	8	673551	
7.1.1.2	NADH:ubiquinone reductase (H+-translocating)	0.006	-	NADH	-	Acidianus ambivalens	-	8	392723	
7.1.1.2	NADH:ubiquinone reductase (H+-translocating)	0.006	-	NADH	uncoupled oxidase reaction, pH 8.0, 25°C	Rhodobacter capsulatus	-	8	658174	
7.1.1.2	NADH:ubiquinone reductase (H+-translocating)	0.0116	-	NADH	at pH 7.0	Corynebacterium glutamicum	-	8	672657	
7.1.1.2	NADH:ubiquinone reductase (H+-translocating)	0.015	-	coenzyme Q1	pH 8.0, 25°C	Rhodobacter capsulatus	-	1187	658174	
7.1.1.2	NADH:ubiquinone reductase (H+-translocating)	0.015	-	ubiquinone-1	pH 7.4, 25°C	Mycolicibacterium smegmatis	-	1150	698670	
7.1.1.2	NADH:ubiquinone reductase (H+-translocating)	0.016	-	2,6-dichlorophenolindophenol	-	Cyberlindnera jadinii	-	165	392722	
7.1.1.2	NADH:ubiquinone reductase (H+-translocating)	0.017	-	menadione	pH 7.5, 60°C	Thermus thermophilus	Q70DV6	240	742028	
7.1.1.2	NADH:ubiquinone reductase (H+-translocating)	0.017	-	menadione	pH 7.5, 60°C	Thermus thermophilus	Q72HK3	240	742028	
7.1.1.2	NADH:ubiquinone reductase (H+-translocating)	0.024	-	NADH	pH 7.5, 60°C	Thermus thermophilus	Q70DV6	8	742028	
7.1.1.2	NADH:ubiquinone reductase (H+-translocating)	0.024	-	NADH	pH 7.5, 60°C	Thermus thermophilus	Q72HK3	8	742028	
7.1.1.2	NADH:ubiquinone reductase (H+-translocating)	0.032	-	menadione	pH 7.5, 60°C	Thermus thermophilus	Q70DV6	240	742028	
7.1.1.2	NADH:ubiquinone reductase (H+-translocating)	0.032	-	menadione	pH 7.5, 60°C	Thermus thermophilus	Q72HK3	240	742028	
7.1.1.2	NADH:ubiquinone reductase (H+-translocating)	0.0349	-	ubiquinone-1	pH 7.0, 25°C	Plasmodium falciparum	Q8I302	1150	743066	
7.1.1.2	NADH:ubiquinone reductase (H+-translocating)	0.05	-	NADH	pH 7.5, 60°C	Thermus thermophilus	Q70DV6	8	742028	
7.1.1.2	NADH:ubiquinone reductase (H+-translocating)	0.05	-	NADH	pH 7.5, 60°C	Thermus thermophilus	Q72HK3	8	742028	
7.1.1.2	NADH:ubiquinone reductase (H+-translocating)	0.05	-	naphthoquinone	-	Sulfolobus acidocaldarius	-	5583	392720	
7.1.1.2	NADH:ubiquinone reductase (H+-translocating)	0.066	-	decylubiquinone	-	Escherichia coli	-	963	392682	
7.1.1.2	NADH:ubiquinone reductase (H+-translocating)	0.083	-	ubiquinone-2	-	Escherichia coli	-	2362	392682	
7.1.1.2	NADH:ubiquinone reductase (H+-translocating)	0.1	-	benzoquinone	-	Sulfolobus acidocaldarius	-	1674	392720	
7.1.1.2	NADH:ubiquinone reductase (H+-translocating)	0.1	-	menaquinone	-	Methylococcus capsulatus	-	2295	657643	
7.1.1.2	NADH:ubiquinone reductase (H+-translocating)	0.25	-	NAD+	-	Moorella thermoacetica	-	7	392724	
7.1.1.2	NADH:ubiquinone reductase (H+-translocating)	0.297	-	coenzyme Q10	-	Methylococcus capsulatus	-	5536	657643	
7.1.1.2	NADH:ubiquinone reductase (H+-translocating)	0.35	-	ubiquinone-0	-	Moorella thermoacetica	-	3135	392724	
7.1.1.2	NADH:ubiquinone reductase (H+-translocating)	0.4	-	ferricyanide	-	Moorella thermoacetica	-	132	392724	
7.1.1.2	NADH:ubiquinone reductase (H+-translocating)	0.4	-	ubiquinone-1	-	Escherichia coli	-	1150	392682	
7.1.1.2	NADH:ubiquinone reductase (H+-translocating)	0.489	-	duroquinone	-	Methylococcus capsulatus	-	1245	657643	
7.1.1.2	NADH:ubiquinone reductase (H+-translocating)	0.55	-	1,1'-carbamoylmethylviologen	-	Moorella thermoacetica	-	32477	392724	
7.1.1.2	NADH:ubiquinone reductase (H+-translocating)	0.55	-	2,6-dichlorophenolindophenol	-	Moorella thermoacetica	-	165	392724	
7.1.1.2	NADH:ubiquinone reductase (H+-translocating)	1	-	1,1'-carbamoylmethylviologen	-	Moorella thermoacetica	-	32477	392724	
7.1.1.2	NADH:ubiquinone reductase (H+-translocating)	1.1	-	NADH	-	Moorella thermoacetica	-	8	392724	
7.1.1.3	ubiquinol oxidase (H+-transporting)	0.018	-	ubiquinol-1	wild type enzyme, when Triton X-100 is used as detergent in the isolation of the enzyme, in 50 mM Tris-HCl, pH 7.4, at 25°C	Escherichia coli	P0ABJ1	1767	716311	
7.1.1.3	ubiquinol oxidase (H+-transporting)	0.023	-	ubiquinol-1	mutant enzyme Q101N, when Triton X-100 is used as detergent in the isolation of the enzyme, in 50 mM Tris-HCl, pH 7.4, at 25°C	Escherichia coli	P0ABJ1	1767	716311	
7.1.1.3	ubiquinol oxidase (H+-transporting)	0.024	-	ubiquinol-1	mutant enzyme Q101N, when 0.02% (v/v) n-dodecyl beta-D-maltoside is used as detergent in the isolation of the enzyme, in 50 mM Tris-HCl, pH 7.4, at 25°C	Escherichia coli	P0ABJ1	1767	716311	
7.1.1.3	ubiquinol oxidase (H+-transporting)	0.045	-	ubiquinol-1	wild type enzyme, when 0.02% (v/v) n-dodecyl beta-D-maltoside is used as detergent in the isolation of the enzyme, in 50 mM Tris-HCl, pH 7.4, at 25°C	Escherichia coli	P0ABJ1	1767	716311	
7.1.1.3	ubiquinol oxidase (H+-transporting)	0.175	-	ubiquinol-1	mutant enzyme H98N, when 0.02% (v/v) n-dodecyl beta-D-maltoside is used as detergent in the isolation of the enzyme, in 50 mM Tris-HCl, pH 7.4, at 25°C	Escherichia coli	P0ABJ1	1767	716311	
7.1.1.4	caldariellaquinol oxidase (H+-transporting)	0.026	-	caldariellaquinol	pH 6.5, 50°C, enzyme in liposomes (tetraether lipids)	Sulfolobus acidocaldarius	P39480 and P98004 and P39479 and P39477	4655	719793	
7.1.1.4	caldariellaquinol oxidase (H+-transporting)	0.032	-	O2	pH 7.5, 25°C	Aeropyrum pernix	-	9	718705	
7.1.1.4	caldariellaquinol oxidase (H+-transporting)	0.036	-	caldariellaquinol	pH 4.5, 50°C	Sulfolobus acidocaldarius	P39481 and Q97UN3 and Q53765 and Q53766 and Q59825 and Q53768	4655	719024	
7.1.1.4	caldariellaquinol oxidase (H+-transporting)	0.036	-	caldariellaquinol	pH 6.5, 50°C, enzyme in detergent micelle (dodecyl-beta-D-maltoside)	Sulfolobus acidocaldarius	P39480 and P98004 and P39479 and P39477	4655	719793	
7.1.1.4	caldariellaquinol oxidase (H+-transporting)	0.046	-	N,N,N',N'-tetramethyl-1,4-phenylenediamine	pH 6.5, 40°C, enzyme in liposomes (tetraether lipids)	Sulfolobus acidocaldarius	P39480 and P98004 and P39479 and P39477	6155	719793	
7.1.1.4	caldariellaquinol oxidase (H+-transporting)	0.057	-	ferrocytochrome c	pH 4.5, 50°C	Sulfolobus acidocaldarius	P39481 and Q97UN3 and Q53765 and Q53766 and Q59825 and Q53768	530	719024	
7.1.1.4	caldariellaquinol oxidase (H+-transporting)	0.067	-	N,N,N',N'-tetramethyl-1,4-phenylenediamine	pH 6.5, 40°C, enzyme in detergent micelle (dodecyl-beta-D-maltoside)	Sulfolobus acidocaldarius	P39480 and P98004 and P39479 and P39477	6155	719793	
7.1.1.4	caldariellaquinol oxidase (H+-transporting)	0.333	-	N,N,N',N'-tetramethyl-1,4-phenylenediamine	pH 7.5, 25°C	Aeropyrum pernix	-	6155	718705	
7.1.1.8	quinol-cytochrome-c reductase	additional information	-	additional information	kinetic modeling	Saccharomyces cerevisiae	-	2	674665	
7.1.1.8	quinol-cytochrome-c reductase	additional information	-	additional information	steady-state equation for the six-state system model, substrate binding affinities under different conditions, overview	Mammalia	-	2	724562	
7.1.1.8	quinol-cytochrome-c reductase	0.002	-	ubiquinol-2	-	Helianthus tuberosus	-	5627	439982	
7.1.1.8	quinol-cytochrome-c reductase	0.004	-	ubiquinol-10	-	Rhodobacter sphaeroides	-	6648	439979	
7.1.1.8	quinol-cytochrome-c reductase	0.0055	-	cytochrome c	wild-type protein	Paracoccus denitrificans	-	84	696165	
7.1.1.8	quinol-cytochrome-c reductase	0.006	-	horse heart cytochrome c	-	Rhodopseudomonas palustris	-	4594	440007	
7.1.1.8	quinol-cytochrome-c reductase	0.00714	-	cytochrome c	mutant with truncated cytochrome c1	Paracoccus denitrificans	-	84	696165	
7.1.1.8	quinol-cytochrome-c reductase	0.02	-	ubiquinol	pH 7.4, 25°C	Bos taurus	-	749	658165	
7.1.1.8	quinol-cytochrome-c reductase	0.023	-	cytochrome c2	MgCl2 20 mM	Rhodopseudomonas palustris	-	16279	440007	
7.1.1.8	quinol-cytochrome-c reductase	0.025	-	horse heart cytochrome c	MgCl2 5 mM	Rhodopseudomonas palustris	-	4594	440007	
7.1.1.8	quinol-cytochrome-c reductase	0.03	-	cytochrome c2	MgCl2 5 mM	Rhodopseudomonas palustris	-	16279	440007	
7.1.1.8	quinol-cytochrome-c reductase	0.08	-	ubiquinol-1	-	Rhodopseudomonas palustris	-	1767	440007	
7.1.2.1 	H+-exporting ATPase	0.3	-	ATP	-	Avena sativa	-	4	246946	
7.1.2.1 	H+-exporting ATPase	0.434	-	ATP	wild-type, pH 6.5	Pneumocystis carinii	-	4	688065	
7.1.2.1 	H+-exporting ATPase	0.636	-	ATP	wild-type lacking C-terminal 40 amino acids, pH 6.5	Pneumocystis carinii	-	4	688065	
7.1.2.1 	H+-exporting ATPase	0.65	-	ATP	pH 6.5, 37°C	Populus euphratica	-	4	689514	
7.1.2.1 	H+-exporting ATPase	1.24	-	ATP	pH 6.5, 37°C, Colombia variety	Coffea arabica	-	4	689636	
7.1.2.1 	H+-exporting ATPase	1.26	-	ATP	pH 6.5, 37°C, Caturra variety	Coffea arabica	-	4	689636	
7.1.2.2	H+-transporting two-sector ATPase	additional information	-	additional information	steady-state Michaelis-Menten kinetics, investigation of the systematic kinetics of the holoenzyme FoF1-ATPase by a tri-site filled, random binding order, and stochastic mechanochemical tight coupling model, reaction dynamics, detailed overview	Rhodobacter capsulatus	-	2	699765	
7.1.2.2	H+-transporting two-sector ATPase	0.12	-	ATP	pH 8.0, 30°C, recombinant mutant epsilonDELTAC, ATP hydrolysis	Synechocystis sp.	-	4	719947	
7.1.2.2	H+-transporting two-sector ATPase	0.14	-	ATP	pH 8.0, 30°C, recombinant wild-type enzyme, ATP hydrolysis	Synechocystis sp.	-	4	719947	
7.1.2.2	H+-transporting two-sector ATPase	0.15	-	MgATP2-	-	Phycomyces blakesleeanus	-	108	210261	
7.1.2.2	H+-transporting two-sector ATPase	0.2	-	ATP	-	Acetabularia acetabulum	-	4	210252	
7.1.2.2	H+-transporting two-sector ATPase	0.5	-	ATP	purified enzyme stimulated with Na+ at pH 7.0 and 9.0; purified enzyme stimulated with Na+ at pH 7.0 and 9.0; purified enzyme stimulated with Na+ at pH 7.0 and 9.0; purified enzyme stimulated with Na+ at pH 7.0 and 9.0; purified enzyme stimulated with Na+ at pH 7.0 and 9.0; purified enzyme stimulated with Na+ at pH 7.0 and 9.0; purified enzyme stimulated with Na+ at pH 7.0 and 9.0; purified enzyme stimulated with Na+ at pH 7.0 and 9.0; purified enzyme stimulated with Na+ at pH 7.0 and 9.0	Clostridium paradoxum	-	4	669124	
7.1.2.2	H+-transporting two-sector ATPase	0.5	-	ATP	purified enzyme stimulated with Na+ at pH 7.0 and 9.0; purified enzyme stimulated with Na+ at pH 7.0 and 9.0; purified enzyme stimulated with Na+ at pH 7.0 and 9.0; purified enzyme stimulated with Na+ at pH 7.0 and 9.0; purified enzyme stimulated with Na+ at pH 7.0 and 9.0; purified enzyme stimulated with Na+ at pH 7.0 and 9.0; purified enzyme stimulated with Na+ at pH 7.0 and 9.0; purified enzyme stimulated with Na+ at pH 7.0 and 9.0; purified enzyme stimulated with Na+ at pH 7.0 and 9.0	Clostridium paradoxum	Q0ZS18	4	669124	
7.1.2.2	H+-transporting two-sector ATPase	0.5	-	ATP	purified enzyme stimulated with Na+ at pH 7.0 and 9.0; purified enzyme stimulated with Na+ at pH 7.0 and 9.0; purified enzyme stimulated with Na+ at pH 7.0 and 9.0; purified enzyme stimulated with Na+ at pH 7.0 and 9.0; purified enzyme stimulated with Na+ at pH 7.0 and 9.0; purified enzyme stimulated with Na+ at pH 7.0 and 9.0; purified enzyme stimulated with Na+ at pH 7.0 and 9.0; purified enzyme stimulated with Na+ at pH 7.0 and 9.0; purified enzyme stimulated with Na+ at pH 7.0 and 9.0	Clostridium paradoxum	Q0ZS19	4	669124	
7.1.2.2	H+-transporting two-sector ATPase	0.5	-	ATP	purified enzyme stimulated with Na+ at pH 7.0 and 9.0; purified enzyme stimulated with Na+ at pH 7.0 and 9.0; purified enzyme stimulated with Na+ at pH 7.0 and 9.0; purified enzyme stimulated with Na+ at pH 7.0 and 9.0; purified enzyme stimulated with Na+ at pH 7.0 and 9.0; purified enzyme stimulated with Na+ at pH 7.0 and 9.0; purified enzyme stimulated with Na+ at pH 7.0 and 9.0; purified enzyme stimulated with Na+ at pH 7.0 and 9.0; purified enzyme stimulated with Na+ at pH 7.0 and 9.0	Clostridium paradoxum	Q0ZS20	4	669124	
7.1.2.2	H+-transporting two-sector ATPase	0.5	-	ATP	purified enzyme stimulated with Na+ at pH 7.0 and 9.0; purified enzyme stimulated with Na+ at pH 7.0 and 9.0; purified enzyme stimulated with Na+ at pH 7.0 and 9.0; purified enzyme stimulated with Na+ at pH 7.0 and 9.0; purified enzyme stimulated with Na+ at pH 7.0 and 9.0; purified enzyme stimulated with Na+ at pH 7.0 and 9.0; purified enzyme stimulated with Na+ at pH 7.0 and 9.0; purified enzyme stimulated with Na+ at pH 7.0 and 9.0; purified enzyme stimulated with Na+ at pH 7.0 and 9.0	Clostridium paradoxum	Q0ZS21	4	669124	
7.1.2.2	H+-transporting two-sector ATPase	0.5	-	ATP	purified enzyme stimulated with Na+ at pH 7.0 and 9.0; purified enzyme stimulated with Na+ at pH 7.0 and 9.0; purified enzyme stimulated with Na+ at pH 7.0 and 9.0; purified enzyme stimulated with Na+ at pH 7.0 and 9.0; purified enzyme stimulated with Na+ at pH 7.0 and 9.0; purified enzyme stimulated with Na+ at pH 7.0 and 9.0; purified enzyme stimulated with Na+ at pH 7.0 and 9.0; purified enzyme stimulated with Na+ at pH 7.0 and 9.0; purified enzyme stimulated with Na+ at pH 7.0 and 9.0	Clostridium paradoxum	Q0ZS22	4	669124	
7.1.2.2	H+-transporting two-sector ATPase	0.5	-	ATP	purified enzyme stimulated with Na+ at pH 7.0 and 9.0; purified enzyme stimulated with Na+ at pH 7.0 and 9.0; purified enzyme stimulated with Na+ at pH 7.0 and 9.0; purified enzyme stimulated with Na+ at pH 7.0 and 9.0; purified enzyme stimulated with Na+ at pH 7.0 and 9.0; purified enzyme stimulated with Na+ at pH 7.0 and 9.0; purified enzyme stimulated with Na+ at pH 7.0 and 9.0; purified enzyme stimulated with Na+ at pH 7.0 and 9.0; purified enzyme stimulated with Na+ at pH 7.0 and 9.0	Clostridium paradoxum	Q0ZS23	4	669124	
7.1.2.2	H+-transporting two-sector ATPase	0.5	-	ATP	purified enzyme stimulated with Na+ at pH 7.0 and 9.0; purified enzyme stimulated with Na+ at pH 7.0 and 9.0; purified enzyme stimulated with Na+ at pH 7.0 and 9.0; purified enzyme stimulated with Na+ at pH 7.0 and 9.0; purified enzyme stimulated with Na+ at pH 7.0 and 9.0; purified enzyme stimulated with Na+ at pH 7.0 and 9.0; purified enzyme stimulated with Na+ at pH 7.0 and 9.0; purified enzyme stimulated with Na+ at pH 7.0 and 9.0; purified enzyme stimulated with Na+ at pH 7.0 and 9.0	Clostridium paradoxum	Q0ZS24	4	669124	
7.1.2.2	H+-transporting two-sector ATPase	0.5	-	ATP	purified enzyme stimulated with Na+ at pH 7.0 and 9.0; purified enzyme stimulated with Na+ at pH 7.0 and 9.0; purified enzyme stimulated with Na+ at pH 7.0 and 9.0; purified enzyme stimulated with Na+ at pH 7.0 and 9.0; purified enzyme stimulated with Na+ at pH 7.0 and 9.0; purified enzyme stimulated with Na+ at pH 7.0 and 9.0; purified enzyme stimulated with Na+ at pH 7.0 and 9.0; purified enzyme stimulated with Na+ at pH 7.0 and 9.0; purified enzyme stimulated with Na+ at pH 7.0 and 9.0	Clostridium paradoxum	Q0ZS25	4	669124	
7.1.2.2	H+-transporting two-sector ATPase	0.5	-	ATP	purified enzyme stimulated with Na+ at pH 7.0 and 9.0; purified enzyme stimulated with Na+ at pH 7.0 and 9.0; purified enzyme stimulated with Na+ at pH 7.0 and 9.0; purified enzyme stimulated with Na+ at pH 7.0 and 9.0; purified enzyme stimulated with Na+ at pH 7.0 and 9.0; purified enzyme stimulated with Na+ at pH 7.0 and 9.0; purified enzyme stimulated with Na+ at pH 7.0 and 9.0; purified enzyme stimulated with Na+ at pH 7.0 and 9.0; purified enzyme stimulated with Na+ at pH 7.0 and 9.0	Clostridium paradoxum	Q0ZS26	4	669124	
7.1.2.2	H+-transporting two-sector ATPase	0.55	-	ATP	purified enzyme, Mg2+/ATP ratio maintained at 2:1; purified enzyme, Mg2+/ATP ratio maintained at 2:1; purified enzyme, Mg2+/ATP ratio maintained at 2:1; purified enzyme, Mg2+/ATP ratio maintained at 2:1; purified enzyme, Mg2+/ATP ratio maintained at 2:1; purified enzyme, Mg2+/ATP ratio maintained at 2:1; purified enzyme, Mg2+/ATP ratio maintained at 2:1; purified enzyme, Mg2+/ATP ratio maintained at 2:1; purified enzyme, Mg2+/ATP ratio maintained at 2:1	Clostridium paradoxum	-	4	669124	
7.1.2.2	H+-transporting two-sector ATPase	0.55	-	ATP	purified enzyme, Mg2+/ATP ratio maintained at 2:1; purified enzyme, Mg2+/ATP ratio maintained at 2:1; purified enzyme, Mg2+/ATP ratio maintained at 2:1; purified enzyme, Mg2+/ATP ratio maintained at 2:1; purified enzyme, Mg2+/ATP ratio maintained at 2:1; purified enzyme, Mg2+/ATP ratio maintained at 2:1; purified enzyme, Mg2+/ATP ratio maintained at 2:1; purified enzyme, Mg2+/ATP ratio maintained at 2:1; purified enzyme, Mg2+/ATP ratio maintained at 2:1	Clostridium paradoxum	Q0ZS18	4	669124	
7.1.2.2	H+-transporting two-sector ATPase	0.55	-	ATP	purified enzyme, Mg2+/ATP ratio maintained at 2:1; purified enzyme, Mg2+/ATP ratio maintained at 2:1; purified enzyme, Mg2+/ATP ratio maintained at 2:1; purified enzyme, Mg2+/ATP ratio maintained at 2:1; purified enzyme, Mg2+/ATP ratio maintained at 2:1; purified enzyme, Mg2+/ATP ratio maintained at 2:1; purified enzyme, Mg2+/ATP ratio maintained at 2:1; purified enzyme, Mg2+/ATP ratio maintained at 2:1; purified enzyme, Mg2+/ATP ratio maintained at 2:1	Clostridium paradoxum	Q0ZS19	4	669124	
7.1.2.2	H+-transporting two-sector ATPase	0.55	-	ATP	purified enzyme, Mg2+/ATP ratio maintained at 2:1; purified enzyme, Mg2+/ATP ratio maintained at 2:1; purified enzyme, Mg2+/ATP ratio maintained at 2:1; purified enzyme, Mg2+/ATP ratio maintained at 2:1; purified enzyme, Mg2+/ATP ratio maintained at 2:1; purified enzyme, Mg2+/ATP ratio maintained at 2:1; purified enzyme, Mg2+/ATP ratio maintained at 2:1; purified enzyme, Mg2+/ATP ratio maintained at 2:1; purified enzyme, Mg2+/ATP ratio maintained at 2:1	Clostridium paradoxum	Q0ZS20	4	669124	
7.1.2.2	H+-transporting two-sector ATPase	0.55	-	ATP	purified enzyme, Mg2+/ATP ratio maintained at 2:1; purified enzyme, Mg2+/ATP ratio maintained at 2:1; purified enzyme, Mg2+/ATP ratio maintained at 2:1; purified enzyme, Mg2+/ATP ratio maintained at 2:1; purified enzyme, Mg2+/ATP ratio maintained at 2:1; purified enzyme, Mg2+/ATP ratio maintained at 2:1; purified enzyme, Mg2+/ATP ratio maintained at 2:1; purified enzyme, Mg2+/ATP ratio maintained at 2:1; purified enzyme, Mg2+/ATP ratio maintained at 2:1	Clostridium paradoxum	Q0ZS21	4	669124	
7.1.2.2	H+-transporting two-sector ATPase	0.55	-	ATP	purified enzyme, Mg2+/ATP ratio maintained at 2:1; purified enzyme, Mg2+/ATP ratio maintained at 2:1; purified enzyme, Mg2+/ATP ratio maintained at 2:1; purified enzyme, Mg2+/ATP ratio maintained at 2:1; purified enzyme, Mg2+/ATP ratio maintained at 2:1; purified enzyme, Mg2+/ATP ratio maintained at 2:1; purified enzyme, Mg2+/ATP ratio maintained at 2:1; purified enzyme, Mg2+/ATP ratio maintained at 2:1; purified enzyme, Mg2+/ATP ratio maintained at 2:1	Clostridium paradoxum	Q0ZS22	4	669124	
7.1.2.2	H+-transporting two-sector ATPase	0.55	-	ATP	purified enzyme, Mg2+/ATP ratio maintained at 2:1; purified enzyme, Mg2+/ATP ratio maintained at 2:1; purified enzyme, Mg2+/ATP ratio maintained at 2:1; purified enzyme, Mg2+/ATP ratio maintained at 2:1; purified enzyme, Mg2+/ATP ratio maintained at 2:1; purified enzyme, Mg2+/ATP ratio maintained at 2:1; purified enzyme, Mg2+/ATP ratio maintained at 2:1; purified enzyme, Mg2+/ATP ratio maintained at 2:1; purified enzyme, Mg2+/ATP ratio maintained at 2:1	Clostridium paradoxum	Q0ZS23	4	669124	
7.1.2.2	H+-transporting two-sector ATPase	0.55	-	ATP	purified enzyme, Mg2+/ATP ratio maintained at 2:1; purified enzyme, Mg2+/ATP ratio maintained at 2:1; purified enzyme, Mg2+/ATP ratio maintained at 2:1; purified enzyme, Mg2+/ATP ratio maintained at 2:1; purified enzyme, Mg2+/ATP ratio maintained at 2:1; purified enzyme, Mg2+/ATP ratio maintained at 2:1; purified enzyme, Mg2+/ATP ratio maintained at 2:1; purified enzyme, Mg2+/ATP ratio maintained at 2:1; purified enzyme, Mg2+/ATP ratio maintained at 2:1	Clostridium paradoxum	Q0ZS24	4	669124	
7.1.2.2	H+-transporting two-sector ATPase	0.55	-	ATP	purified enzyme, Mg2+/ATP ratio maintained at 2:1; purified enzyme, Mg2+/ATP ratio maintained at 2:1; purified enzyme, Mg2+/ATP ratio maintained at 2:1; purified enzyme, Mg2+/ATP ratio maintained at 2:1; purified enzyme, Mg2+/ATP ratio maintained at 2:1; purified enzyme, Mg2+/ATP ratio maintained at 2:1; purified enzyme, Mg2+/ATP ratio maintained at 2:1; purified enzyme, Mg2+/ATP ratio maintained at 2:1; purified enzyme, Mg2+/ATP ratio maintained at 2:1	Clostridium paradoxum	Q0ZS25	4	669124	
7.1.2.2	H+-transporting two-sector ATPase	0.55	-	ATP	purified enzyme, Mg2+/ATP ratio maintained at 2:1; purified enzyme, Mg2+/ATP ratio maintained at 2:1; purified enzyme, Mg2+/ATP ratio maintained at 2:1; purified enzyme, Mg2+/ATP ratio maintained at 2:1; purified enzyme, Mg2+/ATP ratio maintained at 2:1; purified enzyme, Mg2+/ATP ratio maintained at 2:1; purified enzyme, Mg2+/ATP ratio maintained at 2:1; purified enzyme, Mg2+/ATP ratio maintained at 2:1; purified enzyme, Mg2+/ATP ratio maintained at 2:1	Clostridium paradoxum	Q0ZS26	4	669124	
7.1.2.2	H+-transporting two-sector ATPase	0.57	-	ADP	pH 9.0, 40°C	Haloferax volcanii	-	13	727822	
7.1.2.2	H+-transporting two-sector ATPase	0.9	-	ATP	strain NRLL B939	Bacillus megaterium	-	4	210238	
7.1.2.2	H+-transporting two-sector ATPase	1	-	ATP	-	Clostridium paradoxum	-	4	669124	
7.1.2.2	H+-transporting two-sector ATPase	1	-	ATP	-	Clostridium paradoxum	Q0ZS18	4	669124	
7.1.2.2	H+-transporting two-sector ATPase	1	-	ATP	-	Clostridium paradoxum	Q0ZS19	4	669124	
7.1.2.2	H+-transporting two-sector ATPase	1	-	ATP	-	Clostridium paradoxum	Q0ZS20	4	669124	
7.1.2.2	H+-transporting two-sector ATPase	1	-	ATP	-	Clostridium paradoxum	Q0ZS21	4	669124	
7.1.2.2	H+-transporting two-sector ATPase	1	-	ATP	-	Clostridium paradoxum	Q0ZS22	4	669124	
7.1.2.2	H+-transporting two-sector ATPase	1	-	ATP	-	Clostridium paradoxum	Q0ZS23	4	669124	
7.1.2.2	H+-transporting two-sector ATPase	1	-	ATP	-	Clostridium paradoxum	Q0ZS24	4	669124	
7.1.2.2	H+-transporting two-sector ATPase	1	-	ATP	-	Clostridium paradoxum	Q0ZS25	4	669124	
7.1.2.2	H+-transporting two-sector ATPase	1	-	ATP	-	Clostridium paradoxum	Q0ZS26	4	669124	
7.1.2.2	H+-transporting two-sector ATPase	1	-	ATP	-	Gallus gallus	-	4	210241	
7.1.2.2	H+-transporting two-sector ATPase	1	-	ATP	strain KM	Bacillus megaterium	-	4	210238	
7.1.2.2	H+-transporting two-sector ATPase	1.8	-	ATP	estimated at pH 8.5 at 40°C	Acidithiobacillus ferrooxidans	-	4	672662	
7.1.2.2	H+-transporting two-sector ATPase	2.8	-	ATP	apparent value, recombinant enzyme, in 20 mM Tris-HCl, pH 7.6, 5mM MgCl2, 10 mM NaCl, temperature not specified in the publication; apparent value, recombinant enzyme, in 20 mM Tris-HCl, pH 7.6, 5mM MgCl2, 10 mM NaCl, temperature not specified in the publication; apparent value, recombinant enzyme, in 20 mM Tris-HCl, pH 7.6, 5mM MgCl2, 10 mM NaCl, temperature not specified in the publication	Aphanothece halophytica	-	4	719911	
7.1.2.2	H+-transporting two-sector ATPase	2.8	-	ATP	apparent value, recombinant enzyme, in 20 mM Tris-HCl, pH 7.6, 5mM MgCl2, 10 mM NaCl, temperature not specified in the publication; apparent value, recombinant enzyme, in 20 mM Tris-HCl, pH 7.6, 5mM MgCl2, 10 mM NaCl, temperature not specified in the publication; apparent value, recombinant enzyme, in 20 mM Tris-HCl, pH 7.6, 5mM MgCl2, 10 mM NaCl, temperature not specified in the publication	Aphanothece halophytica	F2Z9M7	4	719911	
7.1.2.2	H+-transporting two-sector ATPase	2.8	-	ATP	apparent value, recombinant enzyme, in 20 mM Tris-HCl, pH 7.6, 5mM MgCl2, 10 mM NaCl, temperature not specified in the publication; apparent value, recombinant enzyme, in 20 mM Tris-HCl, pH 7.6, 5mM MgCl2, 10 mM NaCl, temperature not specified in the publication; apparent value, recombinant enzyme, in 20 mM Tris-HCl, pH 7.6, 5mM MgCl2, 10 mM NaCl, temperature not specified in the publication	Aphanothece halophytica	F2Z9M8	4	719911	
7.1.2.2	H+-transporting two-sector ATPase	2.8	-	ATP	apparent value, recombinant enzyme, in 20 mM Tris-HCl, pH 7.6, 5mM MgCl2, 10 mM NaCl, temperature not specified in the publication; apparent value, recombinant enzyme, in 20 mM Tris-HCl, pH 7.6, 5mM MgCl2, 10 mM NaCl, temperature not specified in the publication; apparent value, recombinant enzyme, in 20 mM Tris-HCl, pH 7.6, 5mM MgCl2, 10 mM NaCl, temperature not specified in the publication	Aphanothece halophytica	F2Z9N4	4	719911	
7.1.2.2	H+-transporting two-sector ATPase	3	-	Na+/in	apparent value, recombinant enzyme, in 20 mM Tris-HCl, pH 7.6, 5mM MgCl2, 10 mM NaCl, temperature not specified in the publication; apparent value, recombinant enzyme, in 20 mM Tris-HCl, pH 7.6, 5mM MgCl2, 10 mM NaCl, temperature not specified in the publication; apparent value, recombinant enzyme, in 20 mM Tris-HCl, pH 7.6, 5mM MgCl2, 10 mM NaCl, temperature not specified in the publication	Aphanothece halophytica	-	1602	719911	
7.1.2.2	H+-transporting two-sector ATPase	3	-	Na+/in	apparent value, recombinant enzyme, in 20 mM Tris-HCl, pH 7.6, 5mM MgCl2, 10 mM NaCl, temperature not specified in the publication; apparent value, recombinant enzyme, in 20 mM Tris-HCl, pH 7.6, 5mM MgCl2, 10 mM NaCl, temperature not specified in the publication; apparent value, recombinant enzyme, in 20 mM Tris-HCl, pH 7.6, 5mM MgCl2, 10 mM NaCl, temperature not specified in the publication	Aphanothece halophytica	F2Z9M7	1602	719911	
7.1.2.2	H+-transporting two-sector ATPase	3	-	Na+/in	apparent value, recombinant enzyme, in 20 mM Tris-HCl, pH 7.6, 5mM MgCl2, 10 mM NaCl, temperature not specified in the publication; apparent value, recombinant enzyme, in 20 mM Tris-HCl, pH 7.6, 5mM MgCl2, 10 mM NaCl, temperature not specified in the publication; apparent value, recombinant enzyme, in 20 mM Tris-HCl, pH 7.6, 5mM MgCl2, 10 mM NaCl, temperature not specified in the publication	Aphanothece halophytica	F2Z9M8	1602	719911	
7.1.2.2	H+-transporting two-sector ATPase	3	-	Na+/in	apparent value, recombinant enzyme, in 20 mM Tris-HCl, pH 7.6, 5mM MgCl2, 10 mM NaCl, temperature not specified in the publication; apparent value, recombinant enzyme, in 20 mM Tris-HCl, pH 7.6, 5mM MgCl2, 10 mM NaCl, temperature not specified in the publication; apparent value, recombinant enzyme, in 20 mM Tris-HCl, pH 7.6, 5mM MgCl2, 10 mM NaCl, temperature not specified in the publication	Aphanothece halophytica	F2Z9N4	1602	719911	
7.1.3.1	H+-exporting diphosphatase	additional information	-	additional information	the structural orientation of Lys78 is very important for the kinetic properties of the enzyme	Leishmania amazonensis	Q7Z031	2	669456	
7.1.3.1	H+-exporting diphosphatase	0.007	-	H+[side 1]	at pH 8.0 and 38°C	Kalanchoe daigremontiana	-	7924	748997	
7.1.3.1	H+-exporting diphosphatase	0.014	-	Polyphosphate	in the presence of Zn2+, pH 7.5, 25°C	Trypanosoma brucei	Q7Z029	928	656234	
7.1.3.1	H+-exporting diphosphatase	0.015	-	diphosphate	-	Avena sativa	-	17	209769	
7.1.3.1	H+-exporting diphosphatase	0.015	-	diphosphate	pH 7.8, 30°C	Escherichia coli	-	17	654844	
7.1.3.1	H+-exporting diphosphatase	0.017	-	diphosphate	at pH 8.0 and 38°C	Kalanchoe daigremontiana	-	17	748997	
7.1.3.1	H+-exporting diphosphatase	0.019	-	diphosphate	in the presence of Mg2+, pH 7.5, 25°C	Trypanosoma brucei	Q7Z029	17	656234	
7.1.3.1	H+-exporting diphosphatase	0.092	-	diphosphate	25°C	Leishmania amazonensis	Q7Z031	17	669456	
7.1.3.1	H+-exporting diphosphatase	0.117	-	diphosphate	recombinant protein, pH 7.5, 55°C	Ascaris suum	Q86M43	17	655459	
7.1.3.1	H+-exporting diphosphatase	0.123	-	polyphosphate-n28	25°C	Leishmania amazonensis	Q7Z031	36141	669456	
7.1.3.1	H+-exporting diphosphatase	0.3	-	Mg(H2O)4-thiodiphosphate	at pH 6.5 and 25°C	Saccharomyces cerevisiae	-	228283	747050	
7.1.3.1	H+-exporting diphosphatase	0.373	-	tripolyphosphate	in the presence of Zn2+, pH 7.5, 25°C	Trypanosoma brucei	Q7Z029	739	656234	
7.1.3.1	H+-exporting diphosphatase	0.47	-	diphosphate	P69A mutant enzyme, pH 8.0, 37°C; wild type enzyme, pH 8.0, 37°C	Bacillus sp. PS3	-	17	655911	
7.1.3.1	H+-exporting diphosphatase	0.55	-	diphosphate	P146A mutant enzyme, pH 8.0, 37°C	Bacillus sp. PS3	-	17	655911	
7.1.3.1	H+-exporting diphosphatase	0.6	-	diphosphate	P39A mutant enzyme, pH 8.0, 37°C	Bacillus sp. PS3	-	17	655911	
7.1.3.1	H+-exporting diphosphatase	0.64	-	diphosphate	P116A mutant enzyme, pH 8.0, 37°C	Bacillus sp. PS3	-	17	655911	
7.1.3.1	H+-exporting diphosphatase	0.768	-	diphosphate	pH 8.6, 37°C	Sesamum indicum	-	17	654467	
7.1.3.1	H+-exporting diphosphatase	0.82	-	diphosphate	P14A mutant enzyme, pH 8.0, 37°C	Bacillus sp. PS3	-	17	655911	
7.1.3.1	H+-exporting diphosphatase	0.88	-	diphosphate	P100A mutant enzyme, pH 8.0, 37°C	Bacillus sp. PS3	-	17	655911	
7.1.3.1	H+-exporting diphosphatase	0.96	-	diphosphate	P59A mutant enzyme, pH 8.0, 37°C	Bacillus sp. PS3	-	17	655911	
7.1.3.1	H+-exporting diphosphatase	1	-	diphosphate	P104A mutant enzyme, pH 8.0, 37°C; P43A mutant enzyme, pH 8.0, 37°C	Bacillus sp. PS3	-	17	655911	
7.1.3.1	H+-exporting diphosphatase	1.153	-	Triphosphate	25°C	Leishmania amazonensis	Q7Z031	940	669456	
7.1.3.1	H+-exporting diphosphatase	4	-	K+	-	Avena sativa	-	39	209769	
7.2.1.1	NADH:ubiquinone reductase (Na+-transporting)	additional information	-	additional information	Kmapp(Na+) is: 1.1 mM for wild-type enzyme, 13.1 mM for subunit E mutant E95A; Kmapp(Na+) is: 1.1 mM for wild-type enzyme, 1.4 mM for subunit D mutant D88L, 9.3 mM for subunit D mutant D133A; Kmapp(Na+) is: 1.1 mM for wild-type enzyme, 2.1 mM for subunit B mutant E28A, 4.2 mM for subunit B mutant E144L, 0.9 mM for subunit B mutant D346A, above 100 mM for subunit B mutant D397A	Vibrio cholerae	Q9KPS2	2	696362	
7.2.1.1	NADH:ubiquinone reductase (Na+-transporting)	0.0147	-	NADH	pH 8.0, 30°C, wild-type enzyme	Vibrio harveyi	Q9RFV6	8	724251	
7.2.1.1	NADH:ubiquinone reductase (Na+-transporting)	0.0465	-	NADH	pH 8.0, 30°c, mutant C377A	Vibrio harveyi	Q9RFV6	8	724251	
7.2.1.2	ferredoxin-NAD+ oxidoreductase (Na+-transporting)	0.00026	-	reduced ferredoxin [iron-sulfur] cluster	at pH 6.8, temperature not specified in the publication	Acidaminococcus fermentans	-	202701	745340	
7.2.1.2	ferredoxin-NAD+ oxidoreductase (Na+-transporting)	0.00042	-	reduced flavodoxin [iron-sulfur] cluster	at pH 6.8, temperature not specified in the publication	Acidaminococcus fermentans	-	224796	745340	
7.2.1.3	ascorbate ferrireductase (transmembrane)	additional information	-	additional information	stopped-flow kinetic analysis at pH 5.0-7.0	Zea mays	Q5D8X4	2	744309	
7.2.2.1	Na+-transporting two-sector ATPase	0.002	-	Na+/in	biphasic affinity	Enterococcus hirae	-	1602	656056	
7.2.2.1	Na+-transporting two-sector ATPase	0.4	-	ATP	-	Acetobacterium woodii	-	4	654801	
7.2.2.1	Na+-transporting two-sector ATPase	0.4	-	Na+/out	pH 7.5	Acetobacterium woodii	-	2375	654801	
7.2.2.1	Na+-transporting two-sector ATPase	0.5	-	ATP	in the presence of Na+ at pH 7. 0 and 9.0	Clostridium paradoxum	-	4	669124	
7.2.2.1	Na+-transporting two-sector ATPase	0.55	-	ATP	Mg2+/ATP ratio at 2:1	Clostridium paradoxum	-	4	669124	
7.2.2.1	Na+-transporting two-sector ATPase	0.63	-	ATP	pH 6.0, 100°C	Pyrococcus furiosus	-	4	722227	
7.2.2.1	Na+-transporting two-sector ATPase	1	-	ATP	in the presence of MgCl2	Clostridium paradoxum	-	4	669124	
7.2.2.1	Na+-transporting two-sector ATPase	5	-	Na+/in	biphasic affinity	Enterococcus hirae	-	1602	656056	
7.2.2.1	Na+-transporting two-sector ATPase	11.7	-	ATP	in the presence of NaCl at 22°C and pH between 7.5 and 8.0	Dunaliella maritima	-	4	668617	
7.2.2.1	Na+-transporting two-sector ATPase	17.6	-	ATP	in the presence of Na2SO4 at 22°C and pH between 7.5 and 8.0	Dunaliella maritima	-	4	668617	
7.2.2.10	P-type Ca2+ transporter	additional information	-	additional information	ATPase and phosphorylation kinetics, kinetics of activation by Ca2+, and binding and transport of Ca2+; ATPase and phosphorylation kinetics, kinetics of isozymes of activation by Ca2+, and binding and transport of Ca2+	Homo sapiens	-	2	669402	
7.2.2.10	P-type Ca2+ transporter	additional information	-	additional information	ATPase and phosphorylation kinetics, kinetics of activation by Ca2+, and binding and transport of Ca2+; ATPase and phosphorylation kinetics, kinetics of isozymes of activation by Ca2+, and binding and transport of Ca2+	Homo sapiens	P98194	2	669402	
7.2.2.10	P-type Ca2+ transporter	additional information	-	additional information	binding kinetics of calmodulin and labeled calmodulin to enzyme binding site-derived peptides, overview	Homo sapiens	-	2	667650	
7.2.2.10	P-type Ca2+ transporter	additional information	-	additional information	charge transfer and current transients measurements, kinetics, overview	Homo sapiens	-	2	712744	
7.2.2.10	P-type Ca2+ transporter	additional information	-	additional information	detailed de-/phosphorylation reaction kinetics, kinetic modelling	Oryctolagus cuniculus	-	2	667604	
7.2.2.10	P-type Ca2+ transporter	additional information	-	additional information	isoenzymes SPCA 1 and 2, steady-state and transient kinetic analyses of Ca2+ transport and of phosphorylation and dephosphorylation reactions, overview	Homo sapiens	-	2	669498	
7.2.2.10	P-type Ca2+ transporter	additional information	-	additional information	kinetics	Homarus sp.	-	2	669673	
7.2.2.10	P-type Ca2+ transporter	0.0002	-	Ca2+	-	Sepioteuthis sepioidea	-	15	210487	
7.2.2.10	P-type Ca2+ transporter	0.0075	-	Ca2+	-	Sepioteuthis sepioidea	-	15	210487	
7.2.2.10	P-type Ca2+ transporter	0.021	-	ATP	-	Sepioteuthis sepioidea	-	4	210487	
7.2.2.10	P-type Ca2+ transporter	0.1	-	ATP	in the presence of 5 mM Mg2+, at pH 7.2 and 37°C	uncultured bacterium	-	4	735233	
7.2.2.11	ABC-type Ni2+ transporter	0.0023	-	Ni2+	-	Thermoanaerobacter kivui	-	38	210289	
7.2.2.12	P-type Zn2+ transporter	0.0148	-	Zn2+	pH condition outward gradient, pH = 5.0/7.0	Homarus americanus	-	14	688106	
7.2.2.12	P-type Zn2+ transporter	0.024	-	Zn2+	-	Rattus norvegicus	-	14	246922	
7.2.2.12	P-type Zn2+ transporter	0.0323	-	Zn2+	-	Homarus americanus	-	14	688106	
7.2.2.12	P-type Zn2+ transporter	0.03589	-	Zn2+	carrier transport is stimulated by the addition of 1 mM ATP	Homarus americanus	-	14	688106	
7.2.2.12	P-type Zn2+ transporter	0.0413	-	Zn2+	pH condition equal, pH = 7.0/7.0	Homarus americanus	-	14	688106	
7.2.2.12	P-type Zn2+ transporter	0.072	-	Zn2+	pH condition equal, pH = 5.0/5.0	Homarus americanus	-	14	688106	
7.2.2.12	P-type Zn2+ transporter	0.2288	-	Zn2+	pH condition inward gradient, pH = 7.0/5.0	Homarus americanus	-	14	688106	
7.2.2.13	Na+/K+-exchanging ATPase	additional information	-	additional information	1.72 mmol/l with p-nitrophenyl phosphate as substrate, 0.165 mmol/l with ATP as substrate	Macrobrachium olfersii	-	2	655251	
7.2.2.13	Na+/K+-exchanging ATPase	0.03	-	ATP	at pH 7.4 and 25°C	Xiphopenaeus kroyeri	-	4	734462	
7.2.2.13	Na+/K+-exchanging ATPase	0.05	-	ATP	pH 7.4, 37°C, control	Rattus norvegicus	-	4	685891	
7.2.2.13	Na+/K+-exchanging ATPase	0.11	-	ATP	pH 7.4, 37°C, neonatal hypothyroidism	Rattus norvegicus	-	4	685891	
7.2.2.13	Na+/K+-exchanging ATPase	0.46	-	K+/out	enzyme from main electric organ, at pH 7.2 and 25°C	Electrophorus electricus	Q98SL3	4936	735008	
7.2.2.13	Na+/K+-exchanging ATPase	1.2	-	K+/out	enzyme from Sach's electric organ, at pH 7.2 and 25°C	Electrophorus electricus	Q98SL3	4936	735008	
7.2.2.13	Na+/K+-exchanging ATPase	1.47	-	K+/out	enzyme from Hunter's electric organ, at pH 7.2 and 25°C	Electrophorus electricus	Q98SL3	4936	735008	
7.2.2.13	Na+/K+-exchanging ATPase	1.5	-	ATP	low-affinity ATP hydrolyzing site, 25°C, pH 7.5	Clibanarius vittatus	-	4	686200	
7.2.2.13	Na+/K+-exchanging ATPase	1.65	-	K+	apparent dissociation constant	Callinectes danae	-	39	697455	
7.2.2.13	Na+/K+-exchanging ATPase	1.92	-	K+	apparent dissociation constant in the presence of 2 mM spermidine	Callinectes danae	-	39	697455	
7.2.2.13	Na+/K+-exchanging ATPase	3.47	-	Na+	apparent dissociation constant	Callinectes danae	-	59	697455	
7.2.2.13	Na+/K+-exchanging ATPase	5.35	-	Na+	apparent dissociation constant in the presence of 2 mM spermidine	Callinectes danae	-	59	697455	
7.2.2.13	Na+/K+-exchanging ATPase	7.47	-	Na+/in	enzyme from main electric organ, at pH 7.2 and 25°C	Electrophorus electricus	Q98SL3	1602	735008	
7.2.2.13	Na+/K+-exchanging ATPase	8.6	-	Na+/in	posterior gill, juvenile crab acclimated to dilute seawater of 150 mOsm, pH 7.4	Callinectes sapidus	-	1602	688107	
7.2.2.13	Na+/K+-exchanging ATPase	18.14	-	Na+/in	enzyme from Hunter's electric organ, at pH 7.2 and 25°C	Electrophorus electricus	Q98SL3	1602	735008	
7.2.2.13	Na+/K+-exchanging ATPase	21.3	-	Na+/in	anterior gill, sub-adult crab acclimated to dilute seawater of 150 mOsm, pH 7.4	Callinectes sapidus	-	1602	688107	
7.2.2.13	Na+/K+-exchanging ATPase	24.2	-	Na+/in	enzyme from Sach's electric organ, at pH 7.2 and 25°C	Electrophorus electricus	Q98SL3	1602	735008	
7.2.2.14	P-type Mg2+ transporter	additional information	-	additional information	kinetics	Mytilus galloprovincialis	-	2	701311	
7.2.2.14	P-type Mg2+ transporter	additional information	-	additional information	Mg2+ uptake kinetics for CorA	Salmonella enterica subsp. enterica serovar Typhimurium	-	2	686901	
7.2.2.14	P-type Mg2+ transporter	0.002	-	Ni2+	pH 7.4, 37°C, MgtB	Salmonella enterica subsp. enterica serovar Typhimurium	-	38	686901	
7.2.2.14	P-type Mg2+ transporter	0.005	-	Ni2+	pH 7.4, 37°C, MgtA	Salmonella enterica subsp. enterica serovar Typhimurium	-	38	686901	
7.2.2.14	P-type Mg2+ transporter	0.006	-	Mg2+	pH 7.4, 37°C, MgtB	Salmonella enterica subsp. enterica serovar Typhimurium	-	6	686901	
7.2.2.14	P-type Mg2+ transporter	0.01	0.015	Mg2+	pH 7.4, 37°C, CorA	Salmonella enterica subsp. enterica serovar Typhimurium	-	6	686901	
7.2.2.14	P-type Mg2+ transporter	0.015	-	Mg2+	20°C	Salmonella enterica subsp. enterica serovar Typhimurium	-	6	689037	
7.2.2.14	P-type Mg2+ transporter	0.02	0.03	Co2+	pH 7.4, 37°C, CorA	Salmonella enterica subsp. enterica serovar Typhimurium	-	23	686901	
7.2.2.14	P-type Mg2+ transporter	0.03	-	Mg2+	pH 7.4, 37°C, MgtA	Salmonella enterica subsp. enterica serovar Typhimurium	-	6	686901	
7.2.2.14	P-type Mg2+ transporter	0.05	-	Mg2+	pH 7.4, 37°C, MgtE	Bacillus firmus	-	6	686901	
7.2.2.14	P-type Mg2+ transporter	0.08	-	Co2+	pH 7.4, 37°C, MgtE	Bacillus firmus	-	23	686901	
7.2.2.14	P-type Mg2+ transporter	0.2	-	Ni2+	pH 7.4, 37°C, CorA	Salmonella enterica subsp. enterica serovar Typhimurium	-	38	686901	
7.2.2.14	P-type Mg2+ transporter	1.5	-	ATP	pH 9.0, 30°C, gill enzyme	Mytilus galloprovincialis	-	4	701311	
7.2.2.14	P-type Mg2+ transporter	2.8	-	ATP	pH 9.0, 30°C, mantle enzyme	Mytilus galloprovincialis	-	4	701311	
7.2.2.15	P-type Ag+ transporter	0.0626	-	Ag+	-	Oncorhynchus mykiss	-	75	210452	
7.2.2.19	H+/K+-exchanging ATPase	additional information	-	additional information	kinetics at different pH, overview	Cavia porcellus	-	2	711012	
7.2.2.19	H+/K+-exchanging ATPase	0.0245	-	ATP	pH 7.4, temperature not specified in the publication, with optimal concentration of ATP, Mg2+ and K+	Cavia porcellus	-	4	711012	
7.2.2.19	H+/K+-exchanging ATPase	0.0494	-	ATP	pH 7.0, temperature not specified in the publication, with optimal concentration of ATP, Mg2+ and K+	Cavia porcellus	-	4	711012	
7.2.2.19	H+/K+-exchanging ATPase	0.3	-	K+	-	Necturus maculosus	-	39	246858	
7.2.2.19	H+/K+-exchanging ATPase	0.34	-	K+	-	Mesocricetus auratus	-	39	246851	
7.2.2.3 	P-type Na+ transporte	additional information	-	additional information	EC50 of 0.00072 mM, 0.00107 mM and 0.0008 mM for Y895C, Y895F and Y895W mutants, respectively, with ATP as substrate. EC50 of 1.44 mM, 1.36 mM and 1.87 mM for Y895C, Y895F and Y895W mutants, respectively, with Na+ as substrate. EC50 of 3.74 mM, 1.75 mM and 2.78 mM for Y895C, Y895F and Y895W mutants, respectively, with K+ as substrate	Ovis aries	-	2	655506	
7.2.2.3 	P-type Na+ transporte	additional information	-	additional information	Michaelis-Menten kinetics	Rattus norvegicus	-	2	711297	
7.2.2.3 	P-type Na+ transporte	0.0005	0.0015	K+	pH 6.0, approximately	Ustilago maydis	Q703G5	39	655392	
7.2.2.3 	P-type Na+ transporte	0.0005	0.0015	Na+	pH 6.0, approximately	Ustilago maydis	Q703G5	59	655392	
7.2.2.3 	P-type Na+ transporte	0.1	-	Na+	pH 6.0, approximately	Ustilago maydis	Q703G5	59	655392	
7.2.2.3 	P-type Na+ transporte	0.23	-	ATP	at pH 7.2, temperature not specified in the publication	Plasmodium falciparum	-	4	748229	
7.2.2.3 	P-type Na+ transporte	1.2	-	ATP	apparent value, at pH 7.6, temperature not specified in the publication	Aphanothece halophytica	-	4	719166	
7.2.2.3 	P-type Na+ transporte	1.66	-	ATP	-	Aphanothece halophytica	-	4	686785	
7.2.2.3 	P-type Na+ transporte	2	-	Na+/in	apparent value, at pH 7.6, temperature not specified in the publication	Aphanothece halophytica	-	1602	719166	
7.2.2.3 	P-type Na+ transporte	16.1	-	Na+[side 1]	at pH 7.2, temperature not specified in the publication	Plasmodium falciparum	-	208282	748229	
7.2.2.3 	P-type Na+ transporte	25	-	Na+	-	Aphanothece halophytica	-	59	686785	
7.2.2.6	P-type K+ transporter	0.002	0.003	K+	-	Alicyclobacillus acidocaldarius	-	39	289110	
7.2.2.6	P-type K+ transporter	0.013	-	ATP	37°C, pH 7.8	Bacillus subtilis	-	4	655151	
7.2.2.6	P-type K+ transporter	0.025	-	K+	-	Rhodobacter sphaeroides	-	39	289113	
7.2.2.6	P-type K+ transporter	0.08	-	MgATP2-	-	Alicyclobacillus acidocaldarius	-	108	289110	
7.2.2.7	ABC-type Fe3+ transporter	0.0009	-	Fe3+	37°C, wild-type	Haemophilus influenzae	-	70	655885	
7.2.2.7	ABC-type Fe3+ transporter	0.0012	-	Fe3+	37°C, mutant Y196I	Haemophilus influenzae	-	70	655885	
7.2.2.8	CP-type Cu+ transporter	additional information	-	additional information	Cu+-ATPase activity kinetic parameters and binding stoichiometry of recombinant wild-type and mutant enzymes, overview	Escherichia coli	-	2	734269	
7.2.2.8	CP-type Cu+ transporter	0.00045	-	Cu+	apparent Km-value of C14A/C17A/C110A/C113A mutant protein, pH 6.8, 20°C	Escherichia coli	-	1441	656102	
7.2.2.8	CP-type Cu+ transporter	0.0015	-	Cu+	apparent Km-value of wild-type protein, pH 6.8, 20°C	Escherichia coli	-	1441	656102	
7.2.2.8	CP-type Cu+ transporter	0.0031	-	Cu+[side 1]	at pH 6.0 and 60°C	Thermotoga maritima	-	42513	680804	
7.2.2.8	CP-type Cu+ transporter	0.0031	-	Cu+[side 1]	at pH 6.0 and 60°C	Thermotoga maritima	Q9WYF3	42513	680804	
7.2.2.8	CP-type Cu+ transporter	0.5	-	ATP	pH 6.8, 20°C	Escherichia coli	-	4	656102	
7.2.4.3	(S)-methylmalonyl-CoA decarboxylase (sodium-transporting)	0.012	-	(S)-methylmalonyl-CoA	-	Propionigenium modestum	-	2455	4553	
7.3.2.1	ABC-type phosphate transporter	additional information	-	additional information	kinetics	Sinorhizobium meliloti	-	2	669115	
7.3.2.1	ABC-type phosphate transporter	additional information	-	additional information	negative voltage Michaelis-Menten kinetics data, overview	Hordeum vulgare	Q8H6E0	2	720651	
7.3.2.1	ABC-type phosphate transporter	additional information	-	additional information	phosphate transport kinetics in whole wild-type and mutant cells, overview	Mycolicibacterium smegmatis	-	2	670171	
7.3.2.1	ABC-type phosphate transporter	0.0002	-	phosphate	PstSCAB, 30°C	Sinorhizobium meliloti	-	16	669115	
7.3.2.1	ABC-type phosphate transporter	0.0019	-	phosphate/out	pH 7.5, temperature not specified in the publication	Hordeum vulgare	Q8H6E0	4941	720651	
7.3.2.1	ABC-type phosphate transporter	0.02	-	phosphate	pH 6.0, 30°C, Vmax: 860 pmol of phosphate incorporated per min/OD650	Saccharomyces cerevisiae	P25297	16	712473	
7.3.2.1	ABC-type phosphate transporter	0.02	-	phosphate	pH 6.0, 30°C, Vmax: 860 pmol of phosphate incorporated per min/OD650	Saccharomyces cerevisiae	P25360	16	712473	
7.3.2.1	ABC-type phosphate transporter	0.02	-	phosphate	pH 6.0, 30°C, Vmax: 860 pmol of phosphate incorporated per min/OD650	Saccharomyces cerevisiae	P27514	16	712473	
7.3.2.1	ABC-type phosphate transporter	0.02	-	phosphate	pH 6.0, 30°C, Vmax: 860 pmol of phosphate incorporated per min/OD650	Saccharomyces cerevisiae	P39535	16	712473	
7.3.2.1	ABC-type phosphate transporter	0.023	-	phosphate/out	isozyme OsPT8, pH and temperature not specified in the publication	Solanum lycopersicum	-	4941	719540	
7.3.2.1	ABC-type phosphate transporter	0.025	-	phosphate	pH and temperature not specified in the publication, iPT belongs to the high affinity phosphate transporter family	Serendipita indica	-	16	712464	
7.3.2.1	ABC-type phosphate transporter	0.025	-	phosphate	pH and temperature not specified in the publication, iPT belongs to the high affinity phosphate transporter family	Serendipita indica	A8N031	16	712464	
7.3.2.1	ABC-type phosphate transporter	0.025	-	phosphate	using triple mutant DELTApho87-DELTApho90-DELTApho91, pH 6.0, 30°C, Vmax: 2000 pmol of phosphate incorporated per min/OD650; using triple mutant DELTApho87-DELTApho90-DELTApho91, pH 6.0, 30°C, Vmax: 2000 pmol of phosphate incorporated per min/OD650; using triple mutant DELTApho87-DELTApho90-DELTApho91, pH 6.0, 30°C, Vmax: 2000 pmol of phosphate incorporated per min/OD650; wild-type, pH 6.0, 30°C, Vmax: 440 pmol of phosphate incorporated per min/OD650; wild-type, pH 6.0, 30°C, Vmax: 440 pmol of phosphate incorporated per min/OD650; wild-type, pH 6.0, 30°C, Vmax: 440 pmol of phosphate incorporated per min/OD650	Saccharomyces cerevisiae	P25297	16	712473	
7.3.2.1	ABC-type phosphate transporter	0.025	-	phosphate	using triple mutant DELTApho87-DELTApho90-DELTApho91, pH 6.0, 30°C, Vmax: 2000 pmol of phosphate incorporated per min/OD650; using triple mutant DELTApho87-DELTApho90-DELTApho91, pH 6.0, 30°C, Vmax: 2000 pmol of phosphate incorporated per min/OD650; using triple mutant DELTApho87-DELTApho90-DELTApho91, pH 6.0, 30°C, Vmax: 2000 pmol of phosphate incorporated per min/OD650; wild-type, pH 6.0, 30°C, Vmax: 440 pmol of phosphate incorporated per min/OD650; wild-type, pH 6.0, 30°C, Vmax: 440 pmol of phosphate incorporated per min/OD650; wild-type, pH 6.0, 30°C, Vmax: 440 pmol of phosphate incorporated per min/OD650	Saccharomyces cerevisiae	P25360	16	712473	
7.3.2.1	ABC-type phosphate transporter	0.025	-	phosphate	using triple mutant DELTApho87-DELTApho90-DELTApho91, pH 6.0, 30°C, Vmax: 2000 pmol of phosphate incorporated per min/OD650; using triple mutant DELTApho87-DELTApho90-DELTApho91, pH 6.0, 30°C, Vmax: 2000 pmol of phosphate incorporated per min/OD650; using triple mutant DELTApho87-DELTApho90-DELTApho91, pH 6.0, 30°C, Vmax: 2000 pmol of phosphate incorporated per min/OD650; wild-type, pH 6.0, 30°C, Vmax: 440 pmol of phosphate incorporated per min/OD650; wild-type, pH 6.0, 30°C, Vmax: 440 pmol of phosphate incorporated per min/OD650; wild-type, pH 6.0, 30°C, Vmax: 440 pmol of phosphate incorporated per min/OD650	Saccharomyces cerevisiae	P27514	16	712473	
7.3.2.1	ABC-type phosphate transporter	0.025	-	phosphate	using triple mutant DELTApho87-DELTApho90-DELTApho91, pH 6.0, 30°C, Vmax: 2000 pmol of phosphate incorporated per min/OD650; using triple mutant DELTApho87-DELTApho90-DELTApho91, pH 6.0, 30°C, Vmax: 2000 pmol of phosphate incorporated per min/OD650; using triple mutant DELTApho87-DELTApho90-DELTApho91, pH 6.0, 30°C, Vmax: 2000 pmol of phosphate incorporated per min/OD650; wild-type, pH 6.0, 30°C, Vmax: 440 pmol of phosphate incorporated per min/OD650; wild-type, pH 6.0, 30°C, Vmax: 440 pmol of phosphate incorporated per min/OD650; wild-type, pH 6.0, 30°C, Vmax: 440 pmol of phosphate incorporated per min/OD650	Saccharomyces cerevisiae	P39535	16	712473	
7.3.2.1	ABC-type phosphate transporter	0.0352	-	phosphate/out	pH and temperature not specified in the publication	Chrysanthemum x morifolium	-	4941	733587	
7.3.2.1	ABC-type phosphate transporter	0.0787	-	phosphate	pH 6.5, 25°C	Arabidopsis thaliana	O82390	16	698749	
7.3.2.1	ABC-type phosphate transporter	0.097	-	phosphate/out	isozyme OsPT6, pH and temperature not specified in the publication	Solanum lycopersicum	-	4941	719540	
7.3.2.1	ABC-type phosphate transporter	0.13	0.28	phosphate/out	pH and temperature not specified in the publication	Solanum tuberosum	-	4941	719540	
7.3.2.1	ABC-type phosphate transporter	0.192	-	phosphate/out	pH and temperature not specified in the publication	Medicago truncatula	-	4941	719540	
7.3.2.3	ABC-type sulfate transporter	0.004	-	sulfate	pH 6.0, recombinant enzyme	Mycobacterium tuberculosis	-	160	697446	
7.3.2.3	ABC-type sulfate transporter	1.4	-	ATP	wild type enzyme CysA, at 60°C	Alicyclobacillus acidocaldarius	-	4	668610	
7.3.2.4	ABC-type nitrate transporter	0.001	-	nitrate	about	Synechococcus elongatus	-	308	698613	
7.3.2.4	ABC-type nitrate transporter	0.001	-	nitrite	about	Synechococcus elongatus	-	168	698613	
7.3.2.4	ABC-type nitrate transporter	0.0416	-	nitrate/out	recombinant enzyme in frog oocytes, pH 5.5, temperature not specified in the publication	Medicago truncatula	D5LQ68	32357	720133	
7.3.2.5	ABC-type molybdate transporter	additional information	-	additional information	oxoanion binding kinetic of ModA, overview	Desulfovibrio alaskensis	-	2	734000	
7.3.2.5	ABC-type molybdate transporter	additional information	-	additional information	transporter component interaction kinetics and affinities, overview	Archaeoglobus fulgidus	O30144	2	735177	
7.3.2.5	ABC-type molybdate transporter	additional information	-	additional information	transporter component interaction kinetics and affinities, overview	Haemophilus influenzae	Q4QJQ0	2	735177	
7.3.2.5	ABC-type molybdate transporter	0.00002	-	molybdate	-	Arabidopsis thaliana	-	509	689767	
7.3.2.5	ABC-type molybdate transporter	0.00005	0.0001	MoO42-	-	Bradyrhizobium japonicum	-	2413	210298	
7.3.2.5	ABC-type molybdate transporter	0.048	-	MoO42-	-	Clostridium pasteurianum	-	2413	210298	
7.3.2.6	ABC-type tungstate transporter	additional information	-	additional information	component TupA has higher affinity to tungstate than molybdate, oxoanion binding kinetic of TupA, overview	Desulfovibrio alaskensis	Q316W1	2	734000	
7.3.2.6	ABC-type tungstate transporter	additional information	-	additional information	ligand binding analysis by mass spectrometry and isothermal titration calorimetry, thermodynamics and ion dissociation kinetics, overview. Tungstate binds 50 000fold more tightly than molybdate to Cj1540	Campylobacter jejuni	Q0P885	2	713053	
7.3.2.6	ABC-type tungstate transporter	additional information	-	additional information	the extremely high affinity of the enzyme for tungstate results in a very steep binding curve	Pyrococcus furiosus	Q8U4K5	2	674299	
7.3.2.6	ABC-type tungstate transporter	additional information	-	additional information	transporter component interaction kinetics and affinities, overview	Archaeoglobus fulgidus	-	2	735177	
7.3.2.6	ABC-type tungstate transporter	additional information	-	additional information	transporter component interaction kinetics and affinities, overview	Haemophilus influenzae	-	2	735177	
7.4.2.1	ABC-type polar-amino-acid transporter	0.00736	-	L-lysine/out	pH 4.5, 30°C, recombinant enzyme	Leishmania donovani	Q208R5	88205	718559	
7.4.2.1	ABC-type polar-amino-acid transporter	0.041	-	L-glutamine/out	wild-type LHT1, pH 5.8, temperature not specified in the publication	Arabidopsis thaliana	-	36640	720562	
7.4.2.1	ABC-type polar-amino-acid transporter	0.046	-	ATP	30°C, pH 7.5, W653Y	Homo sapiens	-	4	656255	
7.4.2.1	ABC-type polar-amino-acid transporter	0.047	-	ATP	30°C, pH 7.5, Y1302W	Homo sapiens	-	4	656255	
7.4.2.1	ABC-type polar-amino-acid transporter	0.065	-	ATP	30°C, pH 7.5, W653Y/Y1302W	Homo sapiens	-	4	656255	
7.4.2.1	ABC-type polar-amino-acid transporter	0.069	-	ATP	30°C, pH 7.5, wild-type MRP1	Homo sapiens	-	4	656255	
7.4.2.1	ABC-type polar-amino-acid transporter	0.29	-	ATP	30°C, pH 7.5, W653C/Y1302W	Homo sapiens	-	4	656255	
7.4.2.1	ABC-type polar-amino-acid transporter	0.311	-	ATP	30°C, pH 7.5, W653C	Homo sapiens	-	4	656255	
7.4.2.1	ABC-type polar-amino-acid transporter	0.34	-	ATP	30°C, pH 7.5, Y1302C	Homo sapiens	-	4	656255	
7.4.2.1	ABC-type polar-amino-acid transporter	0.395	-	ATP	30°C, pH 7.5, W653Y/Y1302C	Homo sapiens	-	4	656255	
7.4.2.1	ABC-type polar-amino-acid transporter	0.9	-	ATP	mutant P172T of the ATP-binding subunit HisP	Salmonella enterica subsp. enterica serovar Typhimurium	-	4	246886	
7.4.2.1	ABC-type polar-amino-acid transporter	1.2	-	ATP	mutant T205A of the ATP-binding subunit HisP	Salmonella enterica subsp. enterica serovar Typhimurium	-	4	246886	
7.4.2.1	ABC-type polar-amino-acid transporter	1.573	-	ATP	30°C, pH 7.5, W653C/Y1302C	Homo sapiens	-	4	656255	
7.4.2.1	ABC-type polar-amino-acid transporter	5.4	-	L-glutamine-[L-glutamine-binding protein][side 1]	at pH 6.0 and 25°C	Acyrthosiphon pisum	F8RL01	228284	747169	
7.4.2.2	ABC-type nonpolar-amino-acid transporter	0.00093	-	L-isoleucine-[L-isoleucine-binding protein][side 1]	isoform BrnQ1, at 37°C, pH not specified in the publication	Staphylococcus aureus	-	228285	747933	
7.4.2.2	ABC-type nonpolar-amino-acid transporter	0.00162	-	L-leucine-[L-leucine-binding protein][side 1]	isoform BrnQ1, at 37°C, pH not specified in the publication	Staphylococcus aureus	-	228286	747933	
7.4.2.2	ABC-type nonpolar-amino-acid transporter	0.00179	-	L-valine-[L-valine-binding protein][side 1]	isoform BrnQ1, at 37°C, pH not specified in the publication	Staphylococcus aureus	-	228287	747933	
7.4.2.2	ABC-type nonpolar-amino-acid transporter	0.0041	-	L-isoleucine-[L-isoleucine-binding protein][side 1]	BcaP, at 26°C, pH not specified in the publication	Bacillus subtilis	-	228285	748095	
7.4.2.2	ABC-type nonpolar-amino-acid transporter	0.00894	-	L-isoleucine-[L-isoleucine-binding protein][side 1]	isoform BrnQ2, at 37°C, pH not specified in the publication	Staphylococcus aureus	-	228285	747933	
7.4.2.2	ABC-type nonpolar-amino-acid transporter	0.016	-	L-isoleucine-[L-isoleucine-binding protein][side 1]	BraB, at 26°C, pH not specified in the publication	Bacillus subtilis	-	228285	748095	
7.4.2.2	ABC-type nonpolar-amino-acid transporter	0.8	-	alpha-aminoadipic acid	-	Penicillium chrysogenum	-	11772	671409	
7.4.2.5	ABC-type protein transporter	additional information	-	additional information	ATP hydrolysis rate 10.5 nmol phosphate/min/nmol SecA1; ATP hydrolysis rate SecA2 wild-type 19.7, K115R mutant 25.0, K115A mutant 13.5 nmol Pi/min/nmol enzyme	Mycobacterium tuberculosis	P9WGP5	2	687421	
7.4.2.5	ABC-type protein transporter	0.6	-	ATP	pH 9.0, 30°C	Saccharomyces cerevisiae	-	4	656145	
7.4.2.6	ABC-type oligopeptide transporter	additional information	-	additional information	PepT1 shows an increase in apparent substrate affinity at acidic pH, kinetics at pH 6.0-8.0, overview	Dicentrarchus labrax	-	2	713195	
7.4.2.6	ABC-type oligopeptide transporter	0.18	-	ATP	pH 7.5, 37°C	Mycoplasma hominis	-	4	655869	
7.4.2.8	protein-secreting ATPase	additional information	-	additional information	enzyme shows positive cooperativity and non-Michaelis-Menten kinetics	Yersinia enterocolitica	-	2	669119	
7.4.2.8	protein-secreting ATPase	additional information	-	additional information	the enzyme shows positive cooperativity	Chlamydia pneumoniae	-	2	698594	
7.4.2.8	protein-secreting ATPase	0.114	-	ATP	pH 8.0, 30°C, monomeric form	Pseudomonas syringae	Q8RK01	4	656142	
7.4.2.8	protein-secreting ATPase	0.22	-	MgATP	pH 7.5, 37°C, ATPase activity of N-terminal cytoplasmic domain	Aeromonas hydrophila	-	8247	669106	
7.4.2.8	protein-secreting ATPase	0.81	-	ATP	purified recombinant SsaN-Myc-His6 enzyme, pH 8.0, 37°C	Salmonella enterica	A0A0H3NB84	4	735141	
7.4.2.8	protein-secreting ATPase	1.3	-	ATP	pH 8.0, 30°C, dodecameric form	Pseudomonas syringae	Q8RK01	4	656142	
7.5.2.1	ABC-type maltose transporter	0.0005	-	maltose	Bacillus subtilis wild type, at 37°C, 0.001 mM 14C-labelled maltose (final concentration)	Bacillus subtilis	-	86	669120	
7.5.2.1	ABC-type maltose transporter	0.00091	-	maltose	-	Alicyclobacillus acidocaldarius	-	86	246877	
7.5.2.1	ABC-type maltose transporter	0.005	-	maltose	Bacillus subtilis strain MD195, mutant enzyme amyE, at 37°C, 0.001 mM 14C-labelled maltose (final concentration)	Bacillus subtilis	-	86	669120	
7.5.2.1	ABC-type maltose transporter	0.0075	-	maltose	Bacillus subtilis strain MD235, mutant enzyme mdxE, at 37°C, 0.001 mM 14C-labelled maltose (final concentration)	Bacillus subtilis	-	86	669120	
7.5.2.1	ABC-type maltose transporter	0.162	-	ATP	70°C, pH 7.5	Thermococcus litoralis	-	4	655421	
7.5.2.1	ABC-type maltose transporter	0.33	-	ATP	60°C, pH 7.5	Alicyclobacillus acidocaldarius	-	4	654879	
7.5.2.1	ABC-type maltose transporter	0.33	-	ATP	60°C, pH 7.5	Alicyclobacillus acidocaldarius	Q70HW1	4	654879	
7.5.2.1	ABC-type maltose transporter	1.2	-	maltose-[maltose-binding protein][side 1]	mutant enzyme E167Q, at pH 5.5 and 30°C	Saccharomyces cerevisiae	-	224909	749334	
7.5.2.1	ABC-type maltose transporter	4.5	-	maltose-[maltose-binding protein][side 1]	mutant enzyme E167A, at pH 5.5 and 30°C	Saccharomyces cerevisiae	-	224909	749334	
7.5.2.1	ABC-type maltose transporter	4.6	-	maltose-[maltose-binding protein][side 1]	wild type enzyme, at pH 5.5 and 30°C	Saccharomyces cerevisiae	-	224909	749334	
7.5.2.1	ABC-type maltose transporter	9.2	-	maltose-[maltose-binding protein][side 1]	mutant enzyme E120A, at pH 5.5 and 30°C	Saccharomyces cerevisiae	-	224909	749334	
7.5.2.1	ABC-type maltose transporter	9.3	-	maltose-[maltose-binding protein][side 1]	mutant enzyme D123A, at pH 5.5 and 30°C	Saccharomyces cerevisiae	-	224909	749334	
7.5.2.1	ABC-type maltose transporter	40.9	-	maltose-[maltose-binding protein][side 1]	mutant enzyme E120Q, at pH 5.5 and 30°C	Saccharomyces cerevisiae	-	224909	749334	
7.5.2.2	ABC-type oligosaccharide transporter	0.65	-	ATP	KM-value with 50% of the enzyme being substrate-saturated, in the presence of 10 mM NaCl	Escherichia coli	-	4	667495	
7.5.2.2	ABC-type oligosaccharide transporter	1.09	-	ATP	KM-value with 50% of the enzyme being substrate-saturated, in the presence of 50 mM NaCl	Escherichia coli	-	4	667495	
7.5.2.2	ABC-type oligosaccharide transporter	1.5	-	ATP	KM-value with 50% of the enzyme being substrate-saturated, in the presence of 100 mM NaCl	Escherichia coli	-	4	667495	
7.5.2.2	ABC-type oligosaccharide transporter	2.33	-	ATP	KM-value with 50% of the enzyme being substrate-saturated, in the presence of 200 mM NaCl	Escherichia coli	-	4	667495	
7.5.2.6	ABC-type lipid A-core oligosaccharide transporter	additional information	-	additional information	ligand binding kinetics	Salmonella enterica subsp. enterica serovar Typhimurium	-	2	696114	
7.5.2.6	ABC-type lipid A-core oligosaccharide transporter	0.41	-	ATP	pH 7.5, 37°C, unlabeled recombinant MsbA	Salmonella enterica subsp. enterica serovar Typhimurium	-	4	696114	
7.5.2.6	ABC-type lipid A-core oligosaccharide transporter	0.495	-	ATP	8 mM ATP, chimeric protein, reconstitution form	Pseudomonas aeruginosa	Q9HUG8	4	687605	
7.5.2.6	ABC-type lipid A-core oligosaccharide transporter	0.52	-	ATP	pH 7.5, 37°C, MIANS-labeled recombinant MsbA	Salmonella enterica subsp. enterica serovar Typhimurium	-	4	696114	
7.5.2.6	ABC-type lipid A-core oligosaccharide transporter	0.573	-	ATP	8 mM ATP, detergent solubilized form of protein	Pseudomonas aeruginosa	Q9HUG8	4	687605	
7.5.2.6	ABC-type lipid A-core oligosaccharide transporter	3.6	-	ATP	8 mM ATP, chimeric protein, detergent solubilized form	Pseudomonas aeruginosa	Q9HUG8	4	687605	
7.5.2.6	ABC-type lipid A-core oligosaccharide transporter	4.5	-	ATP	8 mM ATP, reconstitution form of protein	Pseudomonas aeruginosa	Q9HUG8	4	687605	
7.6.2.1	phospholipid-translocating ATPase	additional information	-	additional information	kinetics, overview	Homo sapiens	Q9NTI2	2	712395	
7.6.2.1	phospholipid-translocating ATPase	additional information	-	additional information	Michaelis-Menten kinetics, overview	Bos taurus	C7EXK4	2	712395	
7.6.2.1	phospholipid-translocating ATPase	0.016	-	ATP	mutant I364A, presence of phosphatidylserine, K0.5 value, pH 7.5, 37°C; mutant I364S, presence of phosphatidylserine, K0.5 value, pH 7.5, 37°C	Bos taurus	C7EXK4	4	735189	
7.6.2.1	phospholipid-translocating ATPase	0.019	-	ATP	mutant I364Q, presence of phosphatidylserine, K0.5 value, pH 7.5, 37°C	Bos taurus	C7EXK4	4	735189	
7.6.2.1	phospholipid-translocating ATPase	0.02	-	ATP	mutant T369A, presence of phosphatidylserine, K0.5 value, pH 7.5, 37°C; mutant V906A, presence of phosphatidylserine, K0.5 value, pH 7.5, 37°C	Bos taurus	C7EXK4	4	735189	
7.6.2.1	phospholipid-translocating ATPase	0.023	-	ATP	mutant N360A, presence of phosphatidylserine, K0.5 value, pH 7.5, 37°C	Bos taurus	C7EXK4	4	735189	
7.6.2.1	phospholipid-translocating ATPase	0.024	-	ATP	mutant I362A, presence of phosphatidylserine, K0.5 value, pH 7.5, 37°C	Bos taurus	C7EXK4	4	735189	
7.6.2.1	phospholipid-translocating ATPase	0.027	-	ATP	mutant F88A, presence of phosphatidylserine, K0.5 value, pH 7.5, 37°C	Bos taurus	C7EXK4	4	735189	
7.6.2.1	phospholipid-translocating ATPase	0.036	-	ATP	mutant Y358A, presence of phosphatidylserine, K0.5 value, pH 7.5, 37°C	Bos taurus	C7EXK4	4	735189	
7.6.2.1	phospholipid-translocating ATPase	0.038	-	ATP	wild-type, presence of phosphatidylserine, K0.5 value, pH 7.5, 37°C	Bos taurus	C7EXK4	4	735189	
7.6.2.1	phospholipid-translocating ATPase	0.042	-	ATP	mutant F354A, presence of phosphatidylserine, K0.5 value, pH 7.5, 37°C	Bos taurus	C7EXK4	4	735189	
7.6.2.1	phospholipid-translocating ATPase	0.045	-	ATP	mutant L112A, presence of phosphatidylserine, K0.5 value, pH 7.5, 37°C	Bos taurus	C7EXK4	4	735189	
7.6.2.1	phospholipid-translocating ATPase	0.049	-	ATP	mutant E371Q, presence of phosphatidylserine, K0.5 value, pH 7.5, 37°C; mutant K374A, presence of phosphatidylserine, K0.5 value, pH 7.5, 37°C	Bos taurus	C7EXK4	4	735189	
7.6.2.1	phospholipid-translocating ATPase	0.058	-	ATP	mutant L361A, presence of phosphatidylserine, K0.5 value, pH 7.5, 37°C	Bos taurus	C7EXK4	4	735189	
7.6.2.1	phospholipid-translocating ATPase	0.068	-	ATP	mutant L367A, presence of phosphatidylserine, K0.5 value, pH 7.5, 37°C	Bos taurus	C7EXK4	4	735189	
7.6.2.1	phospholipid-translocating ATPase	0.073	-	ATP	mutant I115A, presence of phosphatidylserine, K0.5 value, pH 7.5, 37°C	Bos taurus	C7EXK4	4	735189	
7.6.2.1	phospholipid-translocating ATPase	0.103	-	ATP	mutant V906A, presence of phosphatidylethanolamine, K0.5 value, pH 7.5, 37°C	Bos taurus	C7EXK4	4	735189	
7.6.2.1	phospholipid-translocating ATPase	0.104	-	ATP	mutant S365A, presence of phosphatidylserine, K0.5 value, pH 7.5, 37°C	Bos taurus	C7EXK4	4	735189	
7.6.2.1	phospholipid-translocating ATPase	0.105	-	ATP	mutant I364S, presence of phosphatidylethanolamine, K0.5 value, pH 7.5, 37°C	Bos taurus	C7EXK4	4	735189	
7.6.2.1	phospholipid-translocating ATPase	0.111	-	ATP	mutant I364E, presence of phosphatidylserine, K0.5 value, pH 7.5, 37°C	Bos taurus	C7EXK4	4	735189	
7.6.2.1	phospholipid-translocating ATPase	0.131	-	ATP	mutant I364A, presence of phosphatidylethanolamine, K0.5 value, pH 7.5, 37°C	Bos taurus	C7EXK4	4	735189	
7.6.2.1	phospholipid-translocating ATPase	0.148	-	ATP	mutant I364M, presence of phosphatidylserine, K0.5 value, pH 7.5, 37°C	Bos taurus	C7EXK4	4	735189	
7.6.2.1	phospholipid-translocating ATPase	0.149	-	ATP	mutant I362A, presence of phosphatidylethanolamine, K0.5 value, pH 7.5, 37°C	Bos taurus	C7EXK4	4	735189	
7.6.2.1	phospholipid-translocating ATPase	0.178	-	ATP	mutant I364F, presence of phosphatidylserine, K0.5 value, pH 7.5, 37°C	Bos taurus	C7EXK4	4	735189	
7.6.2.1	phospholipid-translocating ATPase	0.22	-	ATP	mutant N359A, presence of phosphatidylserine, K0.5 value, pH 7.5, 37°C	Bos taurus	C7EXK4	4	735189	
7.6.2.1	phospholipid-translocating ATPase	0.25	-	ATP	mutant F88A, presence of phosphatidylethanolamine, K0.5 value, pH 7.5, 37°C	Bos taurus	C7EXK4	4	735189	
7.6.2.1	phospholipid-translocating ATPase	0.288	-	ATP	mutant I364Q, presence of phosphatidylethanolamine, K0.5 value, pH 7.5, 37°C	Bos taurus	C7EXK4	4	735189	
7.6.2.1	phospholipid-translocating ATPase	0.292	-	ATP	mutant I364E, presence of phosphatidylethanolamine, K0.5 value, pH 7.5, 37°C	Bos taurus	C7EXK4	4	735189	
7.6.2.1	phospholipid-translocating ATPase	0.369	-	ATP	mutant I364M, presence of phosphatidylethanolamine, K0.5 value, pH 7.5, 37°C	Bos taurus	C7EXK4	4	735189	
7.6.2.1	phospholipid-translocating ATPase	0.371	-	ATP	wild-type, presence of phosphatidylethanolamine, K0.5 value, pH 7.5, 37°C	Bos taurus	C7EXK4	4	735189	
7.6.2.1	phospholipid-translocating ATPase	0.376	-	ATP	mutant I115A, presence of phosphatidylethanolamine, K0.5 value, pH 7.5, 37°C	Bos taurus	C7EXK4	4	735189	
7.6.2.1	phospholipid-translocating ATPase	0.379	-	ATP	mutant L367A, presence of phosphatidylethanolamine, K0.5 value, pH 7.5, 37°C	Bos taurus	C7EXK4	4	735189	
7.6.2.1	phospholipid-translocating ATPase	0.394	-	ATP	mutant L112A, presence of phosphatidylethanolamine, K0.5 value, pH 7.5, 37°C	Bos taurus	C7EXK4	4	735189	
7.6.2.1	phospholipid-translocating ATPase	0.704	-	ATP	pH 7.5, 37°C	Homo sapiens	Q9NTI2	4	712395	
7.6.2.1	phospholipid-translocating ATPase	0.862	-	ATP	mutant S365A, presence of phosphatidylethanolamine, K0.5 value, pH 7.5, 37°C	Bos taurus	C7EXK4	4	735189	
7.6.2.1	phospholipid-translocating ATPase	1.12	-	ATP	mutant I364F, presence of phosphatidylethanolamine, K0.5 value, pH 7.5, 37°C	Bos taurus	C7EXK4	4	735189	
7.6.2.1	phospholipid-translocating ATPase	2.215	-	ATP	mutant N359A, presence of phosphatidylethanolamine, K0.5 value, pH 7.5, 37°C	Bos taurus	C7EXK4	4	735189	
7.6.2.2	ABC-type xenobiotic transporter	additional information	-	additional information	kinetics and substrate specificities, overview	Drosophila melanogaster	-	2	696432	
7.6.2.2	ABC-type xenobiotic transporter	additional information	-	additional information	Km values for stimulating rhodamine and rosamine derivatives, overview	Homo sapiens	-	2	699463	
7.6.2.2	ABC-type xenobiotic transporter	0.00039	-	doxorubicin/in	in the presence of ATP, at pH 7.5 and 37°C	Streptomyces peucetius	-	32211	734258	
7.6.2.2	ABC-type xenobiotic transporter	0.00039	-	doxorubicin/in	in the presence of ATP, at pH 7.5 and 37°C	Streptomyces peucetius	P32010	32211	734258	
7.6.2.2	ABC-type xenobiotic transporter	0.00078	-	Hoechst 33342/in	in the presence of ATP, at pH 7.5 and 37°C	Streptomyces peucetius	-	49112	734258	
7.6.2.2	ABC-type xenobiotic transporter	0.00078	-	Hoechst 33342/in	in the presence of ATP, at pH 7.5 and 37°C	Streptomyces peucetius	P32010	49112	734258	
7.6.2.2	ABC-type xenobiotic transporter	0.0009	-	ATP	pH 7.5, 37°C, paclitaxel-stimulated ATPase activity, presence of 20% ergosterol	Homo sapiens	-	4	684962	
7.6.2.2	ABC-type xenobiotic transporter	0.001	-	ATP	pH 7.5, 37°C, paclitaxel-stimulated ATPase activity, presence of 20% campesterol	Homo sapiens	-	4	684962	
7.6.2.2	ABC-type xenobiotic transporter	0.001	-	nicardipine	pH 7.5, 37°C, presence of 20% cholesterol	Homo sapiens	-	9371	684962	
7.6.2.2	ABC-type xenobiotic transporter	0.0011	-	ATP	pH 7.5, 37°C, paclitaxel-stimulated ATPase activity, presence of 20% sitosterol	Homo sapiens	-	4	684962	
7.6.2.2	ABC-type xenobiotic transporter	0.0013	-	paclitaxel	pH 7.5, 37°C, presence of 5% cholesterol	Homo sapiens	-	3120	684962	
7.6.2.2	ABC-type xenobiotic transporter	0.0013	-	vinblastine	pH 7.5, 37°C, presence of 5% cholesterol	Homo sapiens	-	3132	684962	
7.6.2.2	ABC-type xenobiotic transporter	0.0014	-	ATP	pH 7.5, 37°C, paclitaxel-stimulated ATPase activity; pH 7.5, 37°C, paclitaxel-stimulated ATPase activity, presence of 20% stigmasterol	Homo sapiens	-	4	684962	
7.6.2.2	ABC-type xenobiotic transporter	0.0014	-	paclitaxel	pH 7.5, 37°C	Homo sapiens	-	3120	684962	
7.6.2.2	ABC-type xenobiotic transporter	0.0015	-	nicardipine	pH 7.5, 37°C, presence of 5% cholesterol	Homo sapiens	-	9371	684962	
7.6.2.2	ABC-type xenobiotic transporter	0.0016	-	ATP	pH 7.5, 37°C, paclitaxel-stimulated ATPase activity, presence of 20% cholesterol	Homo sapiens	-	4	684962	
7.6.2.2	ABC-type xenobiotic transporter	0.0016	-	paclitaxel	pH 7.5, 37°C, presence of 20% cholesterol	Homo sapiens	-	3120	684962	
7.6.2.2	ABC-type xenobiotic transporter	0.0016	-	vinblastine	pH 7.5, 37°C, presence of 20% cholesterol	Homo sapiens	-	3132	684962	
7.6.2.2	ABC-type xenobiotic transporter	0.0017	-	vinblastine	pH 7.5, 37°C	Homo sapiens	-	3132	684962	
7.6.2.2	ABC-type xenobiotic transporter	0.0019	-	ATP	-	Saccharomyces cerevisiae	-	4	685108	
7.6.2.2	ABC-type xenobiotic transporter	0.0022	-	valinomycin	pH 7.5, 37°C, presence of 5% cholesterol	Homo sapiens	-	5314	684962	
7.6.2.2	ABC-type xenobiotic transporter	0.0022	-	verapamil	pH 7.5, 37°C, presence of 20% cholesterol	Homo sapiens	-	1389	684962	
7.6.2.2	ABC-type xenobiotic transporter	0.0025	-	valinomycin	pH 7.5, 37°C	Homo sapiens	-	5314	684962	
7.6.2.2	ABC-type xenobiotic transporter	0.0026	-	nicardipine	pH 7.5, 37°C	Homo sapiens	-	9371	684962	
7.6.2.2	ABC-type xenobiotic transporter	0.0027	-	vincristine	pH 7.5, 37°C, presence of 5% cholesterol	Homo sapiens	-	6613	684962	
7.6.2.2	ABC-type xenobiotic transporter	0.0035	-	valinomycin	pH 7.5, 37°C, presence of 20% cholesterol	Homo sapiens	-	5314	684962	
7.6.2.2	ABC-type xenobiotic transporter	0.0037	-	vincristine	pH 7.5, 37°C	Homo sapiens	-	6613	684962	
7.6.2.2	ABC-type xenobiotic transporter	0.0038	-	verapamil	pH 7.5, 37°C, presence of 5% cholesterol	Homo sapiens	-	1389	684962	
7.6.2.2	ABC-type xenobiotic transporter	0.0039	-	vincristine	pH 7.5, 37°C, presence of 20% cholesterol	Homo sapiens	-	6613	684962	
7.6.2.2	ABC-type xenobiotic transporter	0.0041	-	verapamil	pH 7.5, 37°C	Homo sapiens	-	1389	684962	
7.6.2.2	ABC-type xenobiotic transporter	0.0053	-	leukotriene C4/in	-	Homo sapiens	-	13191	210392	
7.6.2.2	ABC-type xenobiotic transporter	0.0057	-	2,4-dinitrophenyl S-glutathione/in	-	Homo sapiens	-	48476	210392	
7.6.2.2	ABC-type xenobiotic transporter	0.0069	-	leukotriene C4	pH 7.0, 37°C, recombinant MRP2	Macaca fascicularis	-	2274	697760	
7.6.2.2	ABC-type xenobiotic transporter	0.007	-	rhodamine B	pH 7.5, 37°C, presence of 20% cholesterol	Homo sapiens	-	10014	684962	
7.6.2.2	ABC-type xenobiotic transporter	0.009	-	rhodamine B	pH 7.5, 37°C, presence of 5% cholesterol	Homo sapiens	-	10014	684962	
7.6.2.2	ABC-type xenobiotic transporter	0.01	-	rhodamine 123	pH 7.5, 37°C, presence of 20% cholesterol	Homo sapiens	-	11153	684962	
7.6.2.2	ABC-type xenobiotic transporter	0.0108	-	vinblastine	pH 7.0, 37°C, recombinant MRP2	Macaca fascicularis	-	3132	697760	
7.6.2.2	ABC-type xenobiotic transporter	0.0115	-	2,4-dinitrophenyl-S-glutathione	pH 7.0, 37°C, recombinant MRP2	Macaca fascicularis	-	26799	697760	
7.6.2.2	ABC-type xenobiotic transporter	0.014	-	rhodamine B	pH 7.5, 37°C	Homo sapiens	-	10014	684962	
7.6.2.2	ABC-type xenobiotic transporter	0.016	-	rhodamine 123	pH 7.5, 37°C, presence of 5% cholesterol	Homo sapiens	-	11153	684962	
7.6.2.2	ABC-type xenobiotic transporter	0.017	-	cyclo(D-Trp-D-Asp-L-Pro-D-Val-L-Leu)/in	-	Rattus norvegicus	-	48930	210393	
7.6.2.2	ABC-type xenobiotic transporter	0.021	-	ethidium bromide/in	in the presence of ATP, at pH 7.5 and 37°C	Streptomyces peucetius	-	49040	734258	
7.6.2.2	ABC-type xenobiotic transporter	0.021	-	ethidium bromide/in	in the presence of ATP, at pH 7.5 and 37°C	Streptomyces peucetius	P32010	49040	734258	
7.6.2.2	ABC-type xenobiotic transporter	0.021	-	rhodamine 123	pH 7.5, 37°C	Homo sapiens	-	11153	684962	
7.6.2.2	ABC-type xenobiotic transporter	0.0256	-	estradiol 17-beta-D-glucuronide/in	-	Homo sapiens	-	8399	210392	
7.6.2.2	ABC-type xenobiotic transporter	0.0263	-	Estrone 3-sulfate	pH 7.0, 37°C, recombinant MRP2	Macaca fascicularis	-	3467	697760	
7.6.2.2	ABC-type xenobiotic transporter	0.05	-	ATP	pH 7.5, 37°C	Saccharomyces cerevisiae	-	4	685369	
7.6.2.2	ABC-type xenobiotic transporter	0.074	-	3,6-bis(dimethylamino)-9-phenyl-selenoxanthylium bromide	pH 7.4, 37°C	Mus musculus	-	24852	685223	
7.6.2.2	ABC-type xenobiotic transporter	0.075	-	17beta-estradiol 17-(beta-D-glucuronide)	pH 7.0, 37°C, recombinant MRP2	Macaca fascicularis	-	21446	697760	
7.6.2.2	ABC-type xenobiotic transporter	0.076	-	digoxin	pH 7.5, 37°C, presence of 20% cholesterol	Homo sapiens	-	5369	684962	
7.6.2.2	ABC-type xenobiotic transporter	0.078	-	N-methyl-N-(9-phenyl-2,3,6,7-tetrahydro-1H,5H,12H-pyrido[3,2,1-ij]thiochromeno[2,3-f]quinolin-12-ylidene)methanaminium hexafluorophosphate	pH 7.4, 37°C	Mus musculus	-	24921	685223	
7.6.2.2	ABC-type xenobiotic transporter	0.12	-	digoxin	pH 7.5, 37°C, presence of 5% cholesterol	Homo sapiens	-	5369	684962	
7.6.2.2	ABC-type xenobiotic transporter	0.154	-	probenecid	pH 7.0, 37°C, recombinant MRP2	Macaca fascicularis	-	3131	697760	
7.6.2.2	ABC-type xenobiotic transporter	0.181	-	digoxin	pH 7.5, 37°C	Homo sapiens	-	5369	684962	
7.6.2.2	ABC-type xenobiotic transporter	0.2	-	ATP	pH 8.0, 37°C, wild-type	Mus musculus	-	4	686727	
7.6.2.2	ABC-type xenobiotic transporter	0.226	-	ATP	mutant S1034C/D1246Y, pH 7.5, 37°C	Plasmodium falciparum	-	4	688891	
7.6.2.2	ABC-type xenobiotic transporter	0.231	-	leukotriene C4	pH 7.0, 37°C	Drosophila melanogaster	-	2274	696432	
7.6.2.2	ABC-type xenobiotic transporter	0.248	-	glycocholate/in	-	Homo sapiens	-	49093	210392	
7.6.2.2	ABC-type xenobiotic transporter	0.282	-	methotrexate	pH 7.0, 37°C, recombinant MRP2	Macaca fascicularis	-	241	697760	
7.6.2.2	ABC-type xenobiotic transporter	0.344	-	beta-estradiol 17-beta-D-glucuronide	pH 7.0, 37°C	Drosophila melanogaster	-	75825	696432	
7.6.2.2	ABC-type xenobiotic transporter	0.369	-	ATP	mutant N1042D, pH 7.5, 37°C	Plasmodium falciparum	-	4	688891	
7.6.2.2	ABC-type xenobiotic transporter	0.394	-	dexamethasone	pH 7.5, 37°C, presence of 20% cholesterol	Homo sapiens	-	1159	684962	
7.6.2.2	ABC-type xenobiotic transporter	0.4	-	ATP	pH 7.0, 37°C	Poeciliopsis lucida	-	4	718684	
7.6.2.2	ABC-type xenobiotic transporter	0.4	-	ATP	pH 8.0, 37°C, wild-type, presence of valinomycin	Mus musculus	-	4	686727	
7.6.2.2	ABC-type xenobiotic transporter	0.5	-	ATP	pH 8.0, 37°C, wild-type, presence of FK506; pH 8.0, 37°C, wild-type, presence of verapamil	Mus musculus	-	4	686727	
7.6.2.2	ABC-type xenobiotic transporter	0.527	-	dexamethasone	pH 7.5, 37°C, presence of 5% cholesterol	Homo sapiens	-	1159	684962	
7.6.2.2	ABC-type xenobiotic transporter	0.776	-	methotrexate/in	-	Homo sapiens	-	9550	210392	
7.6.2.2	ABC-type xenobiotic transporter	0.826	-	dexamethasone	pH 7.5, 37°C	Homo sapiens	-	1159	684962	
7.6.2.2	ABC-type xenobiotic transporter	0.879	-	ATP	mutant D1246Y, pH 7.5, 37°C	Plasmodium falciparum	-	4	688891	
7.6.2.2	ABC-type xenobiotic transporter	1.5	-	ATP	pH 8.0, 37°C, mutant Y1040W	Mus musculus	-	4	686727	
7.6.2.2	ABC-type xenobiotic transporter	1.82	-	ATP	mutant S1034C/N1042D, pH 7.5, 37°C	Plasmodium falciparum	-	4	688891	
7.6.2.2	ABC-type xenobiotic transporter	2.14	-	ATP	wild-type, pH 7.5, 37°C	Plasmodium falciparum	-	4	688891	
7.6.2.2	ABC-type xenobiotic transporter	2.6	-	ATP	pH 8.0, 37°C, mutant Y1040W, presence of verapamil	Mus musculus	-	4	686727	
7.6.2.2	ABC-type xenobiotic transporter	2.78	-	ATP	mutant N1042D/D1246Y, pH 7.5, 37°C	Plasmodium falciparum	-	4	688891	
7.6.2.2	ABC-type xenobiotic transporter	3	-	ATP	pH 8.0, 37°C, mutant Y1040W, presence of valinomycin	Mus musculus	-	4	686727	
7.6.2.2	ABC-type xenobiotic transporter	3.5	-	ATP	pH 8.0, 37°C, mutant Y397W, presence of verapamil	Mus musculus	-	4	686727	
7.6.2.2	ABC-type xenobiotic transporter	5.1	-	ATP	pH 8.0, 37°C, mutant Y397W, presence of valinomycin	Mus musculus	-	4	686727	
7.6.2.2	ABC-type xenobiotic transporter	5.53	-	ATP	mutant S1034C, pH 7.5, 37°C	Plasmodium falciparum	-	4	688891	
7.6.2.2	ABC-type xenobiotic transporter	7.1	-	ATP	pH 8.0, 37°C, mutant Y1040W, presence of FK506	Mus musculus	-	4	686727	
7.6.2.2	ABC-type xenobiotic transporter	8.15	-	ATP	mutant S1034C/N1042D/D1246Y, pH 7.5, 37°C	Plasmodium falciparum	-	4	688891	
7.6.2.2	ABC-type xenobiotic transporter	8.4	-	ATP	pH 8.0, 37°C, mutant Y397W, presence of FK506	Mus musculus	-	4	686727	
7.6.2.2	ABC-type xenobiotic transporter	9	-	ATP	pH 8.0, 37°C, mutant Y397W	Mus musculus	-	4	686727	
7.6.2.3	ABC-type glutathione-S-conjugate transporter	0.0141	-	S-(2,4-dinitrophenyl)glutathione[side 1]	at pH 8.0 and 25°C	Saccharomyces cerevisiae	P39109	228290	748144	
7.6.2.3	ABC-type glutathione-S-conjugate transporter	0.032	-	S-(2,4-dinitrophenyl)glutathione[side 1]	at pH 7.5 and 20°C	Leucoraja erinacea	Q8QG98	228290	746704	
7.6.2.3	ABC-type glutathione-S-conjugate transporter	0.0865	-	ATP	at pH 8.0 and 25°C	Saccharomyces cerevisiae	P39109	4	748144	
7.6.2.3	ABC-type glutathione-S-conjugate transporter	0.4	-	ATP	with S-(2,4-dinitrophenyl)glutathione as cosubstrate, at pH 7.5 and 20°C	Leucoraja erinacea	Q8QG98	4	746704	
7.6.2.3	ABC-type glutathione-S-conjugate transporter	0.5	-	ATP	with S-glutathione as cosubstrate, at pH 7.5 and 20°C	Leucoraja erinacea	Q8QG98	4	746704	
7.6.2.3	ABC-type glutathione-S-conjugate transporter	12	-	S-glutathione[side 1]	at pH 7.5 and 20°C	Leucoraja erinacea	Q8QG98	228291	746704	
7.6.2.9	ABC-type quaternary amine transporter	0.0024	-	glycine betaine	OpuA	Bacillus subtilis	-	1974	210325	
7.6.2.9	ABC-type quaternary amine transporter	0.0037	-	glycine betaine	kinetics of OpuC-mediated uptake, in 50 mM of phosphate buffer containing 0.5 M of NaCl, 0.2% glucose, pH 7, low-affinity transport of choline determined	Pseudomonas syringae	Q87WH5	1974	680504	
7.6.2.9	ABC-type quaternary amine transporter	0.0051	-	glycine betaine	OpuC, without NaCl	Bacillus subtilis	-	1974	210325	
7.6.2.9	ABC-type quaternary amine transporter	0.006	-	glycine betaine	OpuC, in presence of 0.4 M NaCl	Bacillus subtilis	-	1974	210325	
7.6.2.9	ABC-type quaternary amine transporter	0.00832	-	betaine	Aphanothece halophytica cells supplemented with 0.5 M NaCl	Aphanothece halophytica	Q0PCR9	713	671475	
7.6.2.9	ABC-type quaternary amine transporter	0.00941	-	betaine	Aphanothece halophytica cells supplemented with 2.0 M NaCl	Aphanothece halophytica	Q0PCR9	713	671475	
7.6.2.9	ABC-type quaternary amine transporter	0.0095	-	glycine betaine	OpuD, without NaCl	Bacillus subtilis	-	1974	210325	
7.6.2.9	ABC-type quaternary amine transporter	0.013	-	glycine betaine	OpuD, in presence of 0.4 M NaCl	Bacillus subtilis	-	1974	210325	
7.6.2.9	ABC-type quaternary amine transporter	0.0608	-	betaine	at pH 8.5, Aphanothece halophytica cells	Aphanothece halophytica	Q0PCR9	713	671475	
7.6.2.9	ABC-type quaternary amine transporter	0.0834	-	betaine	at pH 7.0, Aphanothece halophytica cells	Aphanothece halophytica	Q0PCR9	713	671475	
7.6.2.9	ABC-type quaternary amine transporter	0.0919	-	betaine	at pH 8.5, BetTA.halophytica expressing MKH13 cells	Aphanothece halophytica	Q0PCR9	713	671475	
7.6.2.9	ABC-type quaternary amine transporter	0.128	-	betaine	at pH 7.0, BetTA.halophytica expressing MKH13 cells	Aphanothece halophytica	Q0PCR9	713	671475	
7.6.2.9	ABC-type quaternary amine transporter	0.143	-	betaine	at pH 5.5, Aphanothece halophytica cells	Aphanothece halophytica	Q0PCR9	713	671475	
7.6.2.9	ABC-type quaternary amine transporter	0.272	-	betaine	at pH 5.5, BetTA.halophytica expressing MKH13 cells	Aphanothece halophytica	Q0PCR9	713	671475	
7.6.2.9	ABC-type quaternary amine transporter	0.6	-	ATP	wild-type, performed in 10 mM sodium phosphate, pH 7.5 and 1 M NaCl, monomeric form	Bacillus subtilis	P46920	4	685001	
7.6.2.9	ABC-type quaternary amine transporter	0.7	-	ATP	mutant S45C, performed in 10 mM sodium phosphate, pH 7.5 and 1 M NaCl, monomeric form	Bacillus subtilis	P46920	4	685001	
7.6.2.9	ABC-type quaternary amine transporter	1.7	-	ATP	mutant F19W, performed in 10 mM sodium phosphate, pH 7.5 and 1 M NaCl, monomeric form	Bacillus subtilis	P46920	4	685001	
7.6.2.9	ABC-type quaternary amine transporter	2.8	-	ATP	mutant G161C, performed in 10 mM sodium phosphate, pH 7.5 and 1 M NaCl, monomeric form	Bacillus subtilis	P46920	4	685001	
